<annotation>
	<folder>jstv</folder>
	<filename>1.jpg</filename>
	<path>E:\LOGO_\LOGO\raw\jstv\1.jpg</path>
	<source>
		<database>Unknown</database>
	</source>
	<size>
		<width>960</width>
		<height>720</height>
		<depth>3</depth>
	</size>
	<segmented>0</segmented>
	<object>
		<name>jstv</name>
		<pose>Unspecified</pose>
		<truncated>0</truncated>
		<difficult>0</difficult>
		<bndbox>
			<xmin>107</xmin>
			<ymin>209</ymin>
			<xmax>865</xmax>
			<ymax>524</ymax>
		</bndbox>
	</object>
</annotation>
