<annotation>
	<folder>jstv</folder>
	<filename>10.jpg</filename>
	<path>E:\LOGO_\LOGO\raw\jstv\10.jpg</path>
	<source>
		<database>Unknown</database>
	</source>
	<size>
		<width>500</width>
		<height>375</height>
		<depth>3</depth>
	</size>
	<segmented>0</segmented>
	<object>
		<name>jstv</name>
		<pose>Unspecified</pose>
		<truncated>0</truncated>
		<difficult>0</difficult>
		<bndbox>
			<xmin>131</xmin>
			<ymin>114</ymin>
			<xmax>262</xmax>
			<ymax>280</ymax>
		</bndbox>
	</object>
</annotation>
