<annotation>
	<folder>jstv</folder>
	<filename>11.jpg</filename>
	<path>E:\LOGO_\LOGO\raw\jstv\11.jpg</path>
	<source>
		<database>Unknown</database>
	</source>
	<size>
		<width>597</width>
		<height>404</height>
		<depth>3</depth>
	</size>
	<segmented>0</segmented>
	<object>
		<name>jstv</name>
		<pose>Unspecified</pose>
		<truncated>0</truncated>
		<difficult>0</difficult>
		<bndbox>
			<xmin>34</xmin>
			<ymin>24</ymin>
			<xmax>131</xmax>
			<ymax>52</ymax>
		</bndbox>
	</object>
</annotation>
