<annotation>
	<folder>jstv</folder>
	<filename>2.jpg</filename>
	<path>E:\LOGO_\LOGO\raw\jstv\2.jpg</path>
	<source>
		<database>Unknown</database>
	</source>
	<size>
		<width>300</width>
		<height>300</height>
		<depth>3</depth>
	</size>
	<segmented>0</segmented>
	<object>
		<name>jstv</name>
		<pose>Unspecified</pose>
		<truncated>0</truncated>
		<difficult>0</difficult>
		<bndbox>
			<xmin>22</xmin>
			<ymin>31</ymin>
			<xmax>277</xmax>
			<ymax>291</ymax>
		</bndbox>
	</object>
</annotation>
