<annotation>
	<folder>jstv</folder>
	<filename>3.jpg</filename>
	<path>E:\LOGO_\LOGO\raw\jstv\3.jpg</path>
	<source>
		<database>Unknown</database>
	</source>
	<size>
		<width>501</width>
		<height>282</height>
		<depth>3</depth>
	</size>
	<segmented>0</segmented>
	<object>
		<name>jstv</name>
		<pose>Unspecified</pose>
		<truncated>0</truncated>
		<difficult>0</difficult>
		<bndbox>
			<xmin>118</xmin>
			<ymin>100</ymin>
			<xmax>215</xmax>
			<ymax>183</ymax>
		</bndbox>
	</object>
	<object>
		<name>jstv</name>
		<pose>Unspecified</pose>
		<truncated>0</truncated>
		<difficult>0</difficult>
		<bndbox>
			<xmin>20</xmin>
			<ymin>13</ymin>
			<xmax>86</xmax>
			<ymax>39</ymax>
		</bndbox>
	</object>
</annotation>
