<annotation>
	<folder>jstv</folder>
	<filename>4.jpg</filename>
	<path>E:\LOGO_\LOGO\raw\jstv\4.jpg</path>
	<source>
		<database>Unknown</database>
	</source>
	<size>
		<width>1024</width>
		<height>1024</height>
		<depth>3</depth>
	</size>
	<segmented>0</segmented>
	<object>
		<name>jstv</name>
		<pose>Unspecified</pose>
		<truncated>0</truncated>
		<difficult>0</difficult>
		<bndbox>
			<xmin>128</xmin>
			<ymin>31</ymin>
			<xmax>909</xmax>
			<ymax>689</ymax>
		</bndbox>
	</object>
</annotation>
