<annotation>
	<folder>jstv</folder>
	<filename>5.jpg</filename>
	<path>E:\LOGO_\LOGO\raw\jstv\5.jpg</path>
	<source>
		<database>Unknown</database>
	</source>
	<size>
		<width>480</width>
		<height>640</height>
		<depth>3</depth>
	</size>
	<segmented>0</segmented>
	<object>
		<name>jstv</name>
		<pose>Unspecified</pose>
		<truncated>0</truncated>
		<difficult>0</difficult>
		<bndbox>
			<xmin>156</xmin>
			<ymin>129</ymin>
			<xmax>194</xmax>
			<ymax>171</ymax>
		</bndbox>
	</object>
</annotation>
