<annotation>
	<folder>jstv</folder>
	<filename>6.jpg</filename>
	<path>E:\LOGO_\LOGO\raw\jstv\6.jpg</path>
	<source>
		<database>Unknown</database>
	</source>
	<size>
		<width>500</width>
		<height>385</height>
		<depth>3</depth>
	</size>
	<segmented>0</segmented>
	<object>
		<name>jstv</name>
		<pose>Unspecified</pose>
		<truncated>0</truncated>
		<difficult>0</difficult>
		<bndbox>
			<xmin>188</xmin>
			<ymin>42</ymin>
			<xmax>223</xmax>
			<ymax>76</ymax>
		</bndbox>
	</object>
	<object>
		<name>jstv</name>
		<pose>Unspecified</pose>
		<truncated>0</truncated>
		<difficult>0</difficult>
		<bndbox>
			<xmin>113</xmin>
			<ymin>255</ymin>
			<xmax>131</xmax>
			<ymax>273</ymax>
		</bndbox>
	</object>
</annotation>
