<annotation>
	<folder>jstv</folder>
	<filename>7.jpg</filename>
	<path>E:\LOGO_\LOGO\raw\jstv\7.jpg</path>
	<source>
		<database>Unknown</database>
	</source>
	<size>
		<width>960</width>
		<height>287</height>
		<depth>3</depth>
	</size>
	<segmented>0</segmented>
	<object>
		<name>jstv</name>
		<pose>Unspecified</pose>
		<truncated>0</truncated>
		<difficult>0</difficult>
		<bndbox>
			<xmin>117</xmin>
			<ymin>14</ymin>
			<xmax>194</xmax>
			<ymax>96</ymax>
		</bndbox>
	</object>
</annotation>
