<annotation>
	<folder>jstv</folder>
	<filename>8.jpg</filename>
	<path>E:\LOGO_\LOGO\raw\jstv\8.jpg</path>
	<source>
		<database>Unknown</database>
	</source>
	<size>
		<width>553</width>
		<height>386</height>
		<depth>3</depth>
	</size>
	<segmented>0</segmented>
	<object>
		<name>jstv</name>
		<pose>Unspecified</pose>
		<truncated>0</truncated>
		<difficult>0</difficult>
		<bndbox>
			<xmin>423</xmin>
			<ymin>5</ymin>
			<xmax>544</xmax>
			<ymax>43</ymax>
		</bndbox>
	</object>
</annotation>
