<annotation>
	<folder>xiaomi</folder>
	<filename>1.jpg</filename>
	<path>E:\LOGO_\LOGO\raw\xiaomi\1.jpg</path>
	<source>
		<database>Unknown</database>
	</source>
	<size>
		<width>2632</width>
		<height>1980</height>
		<depth>3</depth>
	</size>
	<segmented>0</segmented>
	<object>
		<name>xiaomi</name>
		<pose>Unspecified</pose>
		<truncated>0</truncated>
		<difficult>0</difficult>
		<bndbox>
			<xmin>978</xmin>
			<ymin>1254</ymin>
			<xmax>1108</xmax>
			<ymax>1366</ymax>
		</bndbox>
	</object>
</annotation>
