<annotation>
	<folder>xiaomi</folder>
	<filename>10.jpg</filename>
	<path>E:\LOGO_\LOGO\raw\xiaomi\10.jpg</path>
	<source>
		<database>Unknown</database>
	</source>
	<size>
		<width>500</width>
		<height>349</height>
		<depth>3</depth>
	</size>
	<segmented>0</segmented>
	<object>
		<name>xiaomi</name>
		<pose>Unspecified</pose>
		<truncated>0</truncated>
		<difficult>0</difficult>
		<bndbox>
			<xmin>6</xmin>
			<ymin>117</ymin>
			<xmax>79</xmax>
			<ymax>184</ymax>
		</bndbox>
	</object>
	<object>
		<name>xiaomi</name>
		<pose>Unspecified</pose>
		<truncated>0</truncated>
		<difficult>0</difficult>
		<bndbox>
			<xmin>204</xmin>
			<ymin>14</ymin>
			<xmax>273</xmax>
			<ymax>84</ymax>
		</bndbox>
	</object>
	<object>
		<name>xiaomi</name>
		<pose>Unspecified</pose>
		<truncated>0</truncated>
		<difficult>0</difficult>
		<bndbox>
			<xmin>420</xmin>
			<ymin>111</ymin>
			<xmax>490</xmax>
			<ymax>177</ymax>
		</bndbox>
	</object>
	<object>
		<name>xiaomi</name>
		<pose>Unspecified</pose>
		<truncated>0</truncated>
		<difficult>0</difficult>
		<bndbox>
			<xmin>286</xmin>
			<ymin>19</ymin>
			<xmax>376</xmax>
			<ymax>76</ymax>
		</bndbox>
	</object>
	<object>
		<name>xiaomi</name>
		<pose>Unspecified</pose>
		<truncated>0</truncated>
		<difficult>0</difficult>
		<bndbox>
			<xmin>92</xmin>
			<ymin>118</ymin>
			<xmax>180</xmax>
			<ymax>180</ymax>
		</bndbox>
	</object>
</annotation>
