<annotation>
	<folder>xiaomi</folder>
	<filename>2.jpg</filename>
	<path>E:\LOGO_\LOGO\raw\xiaomi\2.jpg</path>
	<source>
		<database>Unknown</database>
	</source>
	<size>
		<width>2560</width>
		<height>1440</height>
		<depth>3</depth>
	</size>
	<segmented>0</segmented>
	<object>
		<name>xiaomi</name>
		<pose>Unspecified</pose>
		<truncated>0</truncated>
		<difficult>0</difficult>
		<bndbox>
			<xmin>1156</xmin>
			<ymin>267</ymin>
			<xmax>1225</xmax>
			<ymax>309</ymax>
		</bndbox>
	</object>
	<object>
		<name>xiaomi</name>
		<pose>Unspecified</pose>
		<truncated>0</truncated>
		<difficult>0</difficult>
		<bndbox>
			<xmin>1667</xmin>
			<ymin>1025</ymin>
			<xmax>1734</xmax>
			<ymax>1075</ymax>
		</bndbox>
	</object>
</annotation>
