<annotation>
	<folder>xiaomi</folder>
	<filename>4.jpg</filename>
	<path>E:\LOGO_\LOGO\raw\xiaomi\4.jpg</path>
	<source>
		<database>Unknown</database>
	</source>
	<size>
		<width>864</width>
		<height>562</height>
		<depth>3</depth>
	</size>
	<segmented>0</segmented>
	<object>
		<name>xiaomi</name>
		<pose>Unspecified</pose>
		<truncated>0</truncated>
		<difficult>0</difficult>
		<bndbox>
			<xmin>425</xmin>
			<ymin>89</ymin>
			<xmax>691</xmax>
			<ymax>437</ymax>
		</bndbox>
	</object>
</annotation>
