<annotation>
	<folder>xiaomi</folder>
	<filename>5.jpg</filename>
	<path>E:\LOGO_\LOGO\raw\xiaomi\5.jpg</path>
	<source>
		<database>Unknown</database>
	</source>
	<size>
		<width>1000</width>
		<height>700</height>
		<depth>3</depth>
	</size>
	<segmented>0</segmented>
	<object>
		<name>xiaomi</name>
		<pose>Unspecified</pose>
		<truncated>0</truncated>
		<difficult>0</difficult>
		<bndbox>
			<xmin>130</xmin>
			<ymin>176</ymin>
			<xmax>169</xmax>
			<ymax>209</ymax>
		</bndbox>
	</object>
	<object>
		<name>xiaomi</name>
		<pose>Unspecified</pose>
		<truncated>0</truncated>
		<difficult>0</difficult>
		<bndbox>
			<xmin>812</xmin>
			<ymin>459</ymin>
			<xmax>870</xmax>
			<ymax>519</ymax>
		</bndbox>
	</object>
	<object>
		<name>xiaomi</name>
		<pose>Unspecified</pose>
		<truncated>0</truncated>
		<difficult>0</difficult>
		<bndbox>
			<xmin>879</xmin>
			<ymin>417</ymin>
			<xmax>950</xmax>
			<ymax>480</ymax>
		</bndbox>
	</object>
</annotation>
