<annotation>
	<folder>xiaomi</folder>
	<filename>6.jpg</filename>
	<path>E:\LOGO_\LOGO\raw\xiaomi\6.jpg</path>
	<source>
		<database>Unknown</database>
	</source>
	<size>
		<width>500</width>
		<height>313</height>
		<depth>3</depth>
	</size>
	<segmented>0</segmented>
	<object>
		<name>xiaomi</name>
		<pose>Unspecified</pose>
		<truncated>0</truncated>
		<difficult>0</difficult>
		<bndbox>
			<xmin>305</xmin>
			<ymin>221</ymin>
			<xmax>326</xmax>
			<ymax>242</ymax>
		</bndbox>
	</object>
	<object>
		<name>xiaomi</name>
		<pose>Unspecified</pose>
		<truncated>0</truncated>
		<difficult>0</difficult>
		<bndbox>
			<xmin>290</xmin>
			<ymin>22</ymin>
			<xmax>334</xmax>
			<ymax>62</ymax>
		</bndbox>
	</object>
</annotation>
