<annotation>
	<folder>xiaomi</folder>
	<filename>7.jpg</filename>
	<path>E:\LOGO_\LOGO\raw\xiaomi\7.jpg</path>
	<source>
		<database>Unknown</database>
	</source>
	<size>
		<width>464</width>
		<height>300</height>
		<depth>3</depth>
	</size>
	<segmented>0</segmented>
	<object>
		<name>xiaomi</name>
		<pose>Unspecified</pose>
		<truncated>0</truncated>
		<difficult>0</difficult>
		<bndbox>
			<xmin>102</xmin>
			<ymin>87</ymin>
			<xmax>229</xmax>
			<ymax>174</ymax>
		</bndbox>
	</object>
	<object>
		<name>xiaomi</name>
		<pose>Unspecified</pose>
		<truncated>0</truncated>
		<difficult>0</difficult>
		<bndbox>
			<xmin>242</xmin>
			<ymin>90</ymin>
			<xmax>369</xmax>
			<ymax>176</ymax>
		</bndbox>
	</object>
</annotation>
