<annotation>
	<folder>xiaomi</folder>
	<filename>8.jpg</filename>
	<path>E:\LOGO_\LOGO\raw\xiaomi\8.jpg</path>
	<source>
		<database>Unknown</database>
	</source>
	<size>
		<width>533</width>
		<height>300</height>
		<depth>3</depth>
	</size>
	<segmented>0</segmented>
	<object>
		<name>xiaomi</name>
		<pose>Unspecified</pose>
		<truncated>0</truncated>
		<difficult>0</difficult>
		<bndbox>
			<xmin>245</xmin>
			<ymin>97</ymin>
			<xmax>277</xmax>
			<ymax>125</ymax>
		</bndbox>
	</object>
	<object>
		<name>xiaomi</name>
		<pose>Unspecified</pose>
		<truncated>0</truncated>
		<difficult>0</difficult>
		<bndbox>
			<xmin>170</xmin>
			<ymin>191</ymin>
			<xmax>189</xmax>
			<ymax>211</ymax>
		</bndbox>
	</object>
</annotation>
