<annotation>
	<folder>xiaomi</folder>
	<filename>9.jpg</filename>
	<path>E:\LOGO_\LOGO\raw\xiaomi\9.jpg</path>
	<source>
		<database>Unknown</database>
	</source>
	<size>
		<width>690</width>
		<height>493</height>
		<depth>3</depth>
	</size>
	<segmented>0</segmented>
	<object>
		<name>xiaomi</name>
		<pose>Unspecified</pose>
		<truncated>0</truncated>
		<difficult>0</difficult>
		<bndbox>
			<xmin>147</xmin>
			<ymin>189</ymin>
			<xmax>253</xmax>
			<ymax>264</ymax>
		</bndbox>
	</object>
</annotation>
