<annotation verified="yes">
	<folder>阿里巴巴</folder>
	<filename>1.jpg</filename>
	<path>C:/Users/Administrator/Pictures/LOGO/RAW/阿里巴巴/1.jpg</path>
	<source>
		<database>Unknown</database>
	</source>
	<size>
		<width>500</width>
		<height>318</height>
		<depth>3</depth>
	</size>
	<segmented>0</segmented>
	<object>
		<name>alibaba</name>
		<pose>Unspecified</pose>
		<truncated>0</truncated>
		<difficult>0</difficult>
		<bndbox>
			<xmin>186</xmin>
			<ymin>214</ymin>
			<xmax>328</xmax>
			<ymax>247</ymax>
		</bndbox>
	</object>
	<object>
		<name>alibaba</name>
		<pose>Unspecified</pose>
		<truncated>0</truncated>
		<difficult>0</difficult>
		<bndbox>
			<xmin>187</xmin>
			<ymin>249</ymin>
			<xmax>328</xmax>
			<ymax>278</ymax>
		</bndbox>
	</object>
</annotation>
