<annotation>
	<folder>阿里巴巴</folder>
	<filename>10.jpg</filename>
	<path>C:\Users\Administrator\Pictures\LOGO\RAW\阿里巴巴\10.jpg</path>
	<source>
		<database>Unknown</database>
	</source>
	<size>
		<width>500</width>
		<height>333</height>
		<depth>3</depth>
	</size>
	<segmented>0</segmented>
	<object>
		<name>alibaba</name>
		<pose>Unspecified</pose>
		<truncated>0</truncated>
		<difficult>0</difficult>
		<bndbox>
			<xmin>159</xmin>
			<ymin>71</ymin>
			<xmax>466</xmax>
			<ymax>121</ymax>
		</bndbox>
	</object>
</annotation>
