<annotation>
	<folder>阿里巴巴</folder>
	<filename>11.jpg</filename>
	<path>C:\Users\Administrator\Pictures\LOGO\RAW\阿里巴巴\11.jpg</path>
	<source>
		<database>Unknown</database>
	</source>
	<size>
		<width>534</width>
		<height>300</height>
		<depth>3</depth>
	</size>
	<segmented>0</segmented>
	<object>
		<name>alibaba</name>
		<pose>Unspecified</pose>
		<truncated>1</truncated>
		<difficult>0</difficult>
		<bndbox>
			<xmin>38</xmin>
			<ymin>29</ymin>
			<xmax>534</xmax>
			<ymax>280</ymax>
		</bndbox>
	</object>
</annotation>
