<annotation>
	<folder>阿里巴巴</folder>
	<filename>12.jpg</filename>
	<path>C:\Users\Administrator\Pictures\LOGO\RAW\阿里巴巴\12.jpg</path>
	<source>
		<database>Unknown</database>
	</source>
	<size>
		<width>500</width>
		<height>302</height>
		<depth>3</depth>
	</size>
	<segmented>0</segmented>
	<object>
		<name>alibaba</name>
		<pose>Unspecified</pose>
		<truncated>1</truncated>
		<difficult>0</difficult>
		<bndbox>
			<xmin>1</xmin>
			<ymin>5</ymin>
			<xmax>189</xmax>
			<ymax>117</ymax>
		</bndbox>
	</object>
	<object>
		<name>alibaba</name>
		<pose>Unspecified</pose>
		<truncated>1</truncated>
		<difficult>0</difficult>
		<bndbox>
			<xmin>339</xmin>
			<ymin>21</ymin>
			<xmax>500</xmax>
			<ymax>126</ymax>
		</bndbox>
	</object>
	<object>
		<name>alibaba</name>
		<pose>Unspecified</pose>
		<truncated>0</truncated>
		<difficult>0</difficult>
		<bndbox>
			<xmin>190</xmin>
			<ymin>187</ymin>
			<xmax>397</xmax>
			<ymax>298</ymax>
		</bndbox>
	</object>
</annotation>
