<annotation>
	<folder>阿里巴巴</folder>
	<filename>15.jpg</filename>
	<path>C:\Users\Administrator\Pictures\LOGO\RAW\阿里巴巴\15.jpg</path>
	<source>
		<database>Unknown</database>
	</source>
	<size>
		<width>310</width>
		<height>163</height>
		<depth>3</depth>
	</size>
	<segmented>0</segmented>
	<object>
		<name>alibaba</name>
		<pose>Unspecified</pose>
		<truncated>0</truncated>
		<difficult>0</difficult>
		<bndbox>
			<xmin>15</xmin>
			<ymin>113</ymin>
			<xmax>53</xmax>
			<ymax>142</ymax>
		</bndbox>
	</object>
</annotation>
