<annotation>
	<folder>阿里巴巴</folder>
	<filename>16.jpg</filename>
	<path>C:\Users\Administrator\Pictures\LOGO\RAW\阿里巴巴\16.jpg</path>
	<source>
		<database>Unknown</database>
	</source>
	<size>
		<width>1024</width>
		<height>635</height>
		<depth>3</depth>
	</size>
	<segmented>0</segmented>
	<object>
		<name>alibaba</name>
		<pose>Unspecified</pose>
		<truncated>0</truncated>
		<difficult>0</difficult>
		<bndbox>
			<xmin>232</xmin>
			<ymin>407</ymin>
			<xmax>843</xmax>
			<ymax>530</ymax>
		</bndbox>
	</object>
</annotation>
