<annotation>
	<folder>阿里巴巴</folder>
	<filename>17.jpg</filename>
	<path>C:\Users\Administrator\Pictures\LOGO\RAW\阿里巴巴\17.jpg</path>
	<source>
		<database>Unknown</database>
	</source>
	<size>
		<width>600</width>
		<height>450</height>
		<depth>3</depth>
	</size>
	<segmented>0</segmented>
	<object>
		<name>alibaba</name>
		<pose>Unspecified</pose>
		<truncated>1</truncated>
		<difficult>0</difficult>
		<bndbox>
			<xmin>1</xmin>
			<ymin>17</ymin>
			<xmax>79</xmax>
			<ymax>47</ymax>
		</bndbox>
	</object>
	<object>
		<name>alibaba</name>
		<pose>Unspecified</pose>
		<truncated>0</truncated>
		<difficult>0</difficult>
		<bndbox>
			<xmin>105</xmin>
			<ymin>83</ymin>
			<xmax>204</xmax>
			<ymax>118</ymax>
		</bndbox>
	</object>
	<object>
		<name>alibaba</name>
		<pose>Unspecified</pose>
		<truncated>0</truncated>
		<difficult>0</difficult>
		<bndbox>
			<xmin>223</xmin>
			<ymin>35</ymin>
			<xmax>320</xmax>
			<ymax>69</ymax>
		</bndbox>
	</object>
	<object>
		<name>alibaba</name>
		<pose>Unspecified</pose>
		<truncated>1</truncated>
		<difficult>0</difficult>
		<bndbox>
			<xmin>339</xmin>
			<ymin>1</ymin>
			<xmax>422</xmax>
			<ymax>26</ymax>
		</bndbox>
	</object>
	<object>
		<name>alibaba</name>
		<pose>Unspecified</pose>
		<truncated>0</truncated>
		<difficult>0</difficult>
		<bndbox>
			<xmin>435</xmin>
			<ymin>50</ymin>
			<xmax>515</xmax>
			<ymax>85</ymax>
		</bndbox>
	</object>
	<object>
		<name>alibaba</name>
		<pose>Unspecified</pose>
		<truncated>0</truncated>
		<difficult>0</difficult>
		<bndbox>
			<xmin>342</xmin>
			<ymin>94</ymin>
			<xmax>421</xmax>
			<ymax>127</ymax>
		</bndbox>
	</object>
	<object>
		<name>alibaba</name>
		<pose>Unspecified</pose>
		<truncated>0</truncated>
		<difficult>0</difficult>
		<bndbox>
			<xmin>224</xmin>
			<ymin>141</ymin>
			<xmax>318</xmax>
			<ymax>174</ymax>
		</bndbox>
	</object>
	<object>
		<name>alibaba</name>
		<pose>Unspecified</pose>
		<truncated>0</truncated>
		<difficult>0</difficult>
		<bndbox>
			<xmin>105</xmin>
			<ymin>192</ymin>
			<xmax>205</xmax>
			<ymax>224</ymax>
		</bndbox>
	</object>
	<object>
		<name>alibaba</name>
		<pose>Unspecified</pose>
		<truncated>1</truncated>
		<difficult>0</difficult>
		<bndbox>
			<xmin>1</xmin>
			<ymin>128</ymin>
			<xmax>81</xmax>
			<ymax>165</ymax>
		</bndbox>
	</object>
	<object>
		<name>alibaba</name>
		<pose>Unspecified</pose>
		<truncated>1</truncated>
		<difficult>0</difficult>
		<bndbox>
			<xmin>1</xmin>
			<ymin>246</ymin>
			<xmax>86</xmax>
			<ymax>276</ymax>
		</bndbox>
	</object>
	<object>
		<name>alibaba</name>
		<pose>Unspecified</pose>
		<truncated>0</truncated>
		<difficult>0</difficult>
		<bndbox>
			<xmin>102</xmin>
			<ymin>294</ymin>
			<xmax>200</xmax>
			<ymax>326</ymax>
		</bndbox>
	</object>
	<object>
		<name>alibaba</name>
		<pose>Unspecified</pose>
		<truncated>1</truncated>
		<difficult>0</difficult>
		<bndbox>
			<xmin>1</xmin>
			<ymin>356</ymin>
			<xmax>83</xmax>
			<ymax>387</ymax>
		</bndbox>
	</object>
	<object>
		<name>alibaba</name>
		<pose>Unspecified</pose>
		<truncated>0</truncated>
		<difficult>0</difficult>
		<bndbox>
			<xmin>102</xmin>
			<ymin>395</ymin>
			<xmax>199</xmax>
			<ymax>431</ymax>
		</bndbox>
	</object>
	<object>
		<name>alibaba</name>
		<pose>Unspecified</pose>
		<truncated>0</truncated>
		<difficult>0</difficult>
		<bndbox>
			<xmin>220</xmin>
			<ymin>242</ymin>
			<xmax>265</xmax>
			<ymax>274</ymax>
		</bndbox>
	</object>
	<object>
		<name>alibaba</name>
		<pose>Unspecified</pose>
		<truncated>0</truncated>
		<difficult>0</difficult>
		<bndbox>
			<xmin>214</xmin>
			<ymin>339</ymin>
			<xmax>283</xmax>
			<ymax>371</ymax>
		</bndbox>
	</object>
	<object>
		<name>alibaba</name>
		<pose>Unspecified</pose>
		<truncated>0</truncated>
		<difficult>0</difficult>
		<bndbox>
			<xmin>422</xmin>
			<ymin>329</ymin>
			<xmax>502</xmax>
			<ymax>357</ymax>
		</bndbox>
	</object>
	<object>
		<name>alibaba</name>
		<pose>Unspecified</pose>
		<truncated>0</truncated>
		<difficult>0</difficult>
		<bndbox>
			<xmin>507</xmin>
			<ymin>367</ymin>
			<xmax>582</xmax>
			<ymax>397</ymax>
		</bndbox>
	</object>
	<object>
		<name>alibaba</name>
		<pose>Unspecified</pose>
		<truncated>0</truncated>
		<difficult>0</difficult>
		<bndbox>
			<xmin>513</xmin>
			<ymin>284</ymin>
			<xmax>587</xmax>
			<ymax>311</ymax>
		</bndbox>
	</object>
	<object>
		<name>alibaba</name>
		<pose>Unspecified</pose>
		<truncated>0</truncated>
		<difficult>0</difficult>
		<bndbox>
			<xmin>424</xmin>
			<ymin>239</ymin>
			<xmax>509</xmax>
			<ymax>269</ymax>
		</bndbox>
	</object>
	<object>
		<name>alibaba</name>
		<pose>Unspecified</pose>
		<truncated>0</truncated>
		<difficult>0</difficult>
		<bndbox>
			<xmin>431</xmin>
			<ymin>149</ymin>
			<xmax>509</xmax>
			<ymax>176</ymax>
		</bndbox>
	</object>
	<object>
		<name>alibaba</name>
		<pose>Unspecified</pose>
		<truncated>0</truncated>
		<difficult>0</difficult>
		<bndbox>
			<xmin>521</xmin>
			<ymin>194</ymin>
			<xmax>591</xmax>
			<ymax>222</ymax>
		</bndbox>
	</object>
	<object>
		<name>alibaba</name>
		<pose>Unspecified</pose>
		<truncated>0</truncated>
		<difficult>0</difficult>
		<bndbox>
			<xmin>528</xmin>
			<ymin>106</ymin>
			<xmax>596</xmax>
			<ymax>134</ymax>
		</bndbox>
	</object>
	<object>
		<name>alibaba</name>
		<pose>Unspecified</pose>
		<truncated>1</truncated>
		<difficult>0</difficult>
		<bndbox>
			<xmin>531</xmin>
			<ymin>14</ymin>
			<xmax>600</xmax>
			<ymax>44</ymax>
		</bndbox>
	</object>
</annotation>
