<annotation>
	<folder>vatti</folder>
	<filename>1.jpg</filename>
	<path>E:\LOGO_\LOGO\raw\vatti\1.jpg</path>
	<source>
		<database>Unknown</database>
	</source>
	<size>
		<width>800</width>
		<height>800</height>
		<depth>3</depth>
	</size>
	<segmented>0</segmented>
	<object>
		<name>vatti</name>
		<pose>Unspecified</pose>
		<truncated>0</truncated>
		<difficult>0</difficult>
		<bndbox>
			<xmin>236</xmin>
			<ymin>8</ymin>
			<xmax>463</xmax>
			<ymax>64</ymax>
		</bndbox>
	</object>
</annotation>
