<annotation>
	<folder>vatti</folder>
	<filename>10.jpg</filename>
	<path>E:\LOGO_\LOGO\raw\vatti\10.jpg</path>
	<source>
		<database>Unknown</database>
	</source>
	<size>
		<width>892</width>
		<height>911</height>
		<depth>3</depth>
	</size>
	<segmented>0</segmented>
	<object>
		<name>vatti</name>
		<pose>Unspecified</pose>
		<truncated>0</truncated>
		<difficult>0</difficult>
		<bndbox>
			<xmin>70</xmin>
			<ymin>326</ymin>
			<xmax>471</xmax>
			<ymax>479</ymax>
		</bndbox>
	</object>
</annotation>
