<annotation>
	<folder>vatti</folder>
	<filename>11.jpg</filename>
	<path>E:\LOGO_\LOGO\raw\vatti\11.jpg</path>
	<source>
		<database>Unknown</database>
	</source>
	<size>
		<width>780</width>
		<height>520</height>
		<depth>3</depth>
	</size>
	<segmented>0</segmented>
	<object>
		<name>vatti</name>
		<pose>Unspecified</pose>
		<truncated>0</truncated>
		<difficult>0</difficult>
		<bndbox>
			<xmin>219</xmin>
			<ymin>6</ymin>
			<xmax>625</xmax>
			<ymax>96</ymax>
		</bndbox>
	</object>
	<object>
		<name>vatti</name>
		<pose>Unspecified</pose>
		<truncated>0</truncated>
		<difficult>0</difficult>
		<bndbox>
			<xmin>320</xmin>
			<ymin>276</ymin>
			<xmax>525</xmax>
			<ymax>326</ymax>
		</bndbox>
	</object>
	<object>
		<name>vatti</name>
		<pose>Unspecified</pose>
		<truncated>1</truncated>
		<difficult>0</difficult>
		<bndbox>
			<xmin>1</xmin>
			<ymin>238</ymin>
			<xmax>49</xmax>
			<ymax>293</ymax>
		</bndbox>
	</object>
</annotation>
