<annotation>
	<folder>vatti</folder>
	<filename>2.jpg</filename>
	<path>E:\LOGO_\LOGO\raw\vatti\2.jpg</path>
	<source>
		<database>Unknown</database>
	</source>
	<size>
		<width>2000</width>
		<height>1500</height>
		<depth>3</depth>
	</size>
	<segmented>0</segmented>
	<object>
		<name>vatti</name>
		<pose>Unspecified</pose>
		<truncated>0</truncated>
		<difficult>0</difficult>
		<bndbox>
			<xmin>1264</xmin>
			<ymin>737</ymin>
			<xmax>1961</xmax>
			<ymax>919</ymax>
		</bndbox>
	</object>
	<object>
		<name>vatti</name>
		<pose>Unspecified</pose>
		<truncated>0</truncated>
		<difficult>0</difficult>
		<bndbox>
			<xmin>717</xmin>
			<ymin>189</ymin>
			<xmax>1241</xmax>
			<ymax>293</ymax>
		</bndbox>
	</object>
	<object>
		<name>vatti</name>
		<pose>Unspecified</pose>
		<truncated>0</truncated>
		<difficult>0</difficult>
		<bndbox>
			<xmin>1648</xmin>
			<ymin>317</ymin>
			<xmax>1741</xmax>
			<ymax>356</ymax>
		</bndbox>
	</object>
	<object>
		<name>vatti</name>
		<pose>Unspecified</pose>
		<truncated>0</truncated>
		<difficult>0</difficult>
		<bndbox>
			<xmin>1315</xmin>
			<ymin>324</ymin>
			<xmax>1413</xmax>
			<ymax>368</ymax>
		</bndbox>
	</object>
	<object>
		<name>vatti</name>
		<pose>Unspecified</pose>
		<truncated>0</truncated>
		<difficult>0</difficult>
		<bndbox>
			<xmin>968</xmin>
			<ymin>331</ymin>
			<xmax>1068</xmax>
			<ymax>365</ymax>
		</bndbox>
	</object>
	<object>
		<name>vatti</name>
		<pose>Unspecified</pose>
		<truncated>0</truncated>
		<difficult>0</difficult>
		<bndbox>
			<xmin>613</xmin>
			<ymin>337</ymin>
			<xmax>724</xmax>
			<ymax>372</ymax>
		</bndbox>
	</object>
	<object>
		<name>vatti</name>
		<pose>Unspecified</pose>
		<truncated>0</truncated>
		<difficult>0</difficult>
		<bndbox>
			<xmin>254</xmin>
			<ymin>335</ymin>
			<xmax>352</xmax>
			<ymax>372</ymax>
		</bndbox>
	</object>
</annotation>
