<annotation>
	<folder>vatti</folder>
	<filename>3.jpeg</filename>
	<path>E:\LOGO_\LOGO\raw\vatti\3.jpeg</path>
	<source>
		<database>Unknown</database>
	</source>
	<size>
		<width>600</width>
		<height>814</height>
		<depth>3</depth>
	</size>
	<segmented>0</segmented>
	<object>
		<name>vatti</name>
		<pose>Unspecified</pose>
		<truncated>0</truncated>
		<difficult>0</difficult>
		<bndbox>
			<xmin>19</xmin>
			<ymin>685</ymin>
			<xmax>117</xmax>
			<ymax>716</ymax>
		</bndbox>
	</object>
</annotation>
