<annotation>
	<folder>vatti</folder>
	<filename>4.jpg</filename>
	<path>E:\LOGO_\LOGO\raw\vatti\4.jpg</path>
	<source>
		<database>Unknown</database>
	</source>
	<size>
		<width>640</width>
		<height>480</height>
		<depth>3</depth>
	</size>
	<segmented>0</segmented>
	<object>
		<name>vatti</name>
		<pose>Unspecified</pose>
		<truncated>0</truncated>
		<difficult>0</difficult>
		<bndbox>
			<xmin>26</xmin>
			<ymin>111</ymin>
			<xmax>248</xmax>
			<ymax>166</ymax>
		</bndbox>
	</object>
	<object>
		<name>vatti</name>
		<pose>Unspecified</pose>
		<truncated>0</truncated>
		<difficult>0</difficult>
		<bndbox>
			<xmin>475</xmin>
			<ymin>124</ymin>
			<xmax>563</xmax>
			<ymax>160</ymax>
		</bndbox>
	</object>
</annotation>
