<annotation>
	<folder>vatti</folder>
	<filename>5.jpg</filename>
	<path>E:\LOGO_\LOGO\raw\vatti\5.jpg</path>
	<source>
		<database>Unknown</database>
	</source>
	<size>
		<width>480</width>
		<height>320</height>
		<depth>3</depth>
	</size>
	<segmented>0</segmented>
	<object>
		<name>vatti</name>
		<pose>Unspecified</pose>
		<truncated>0</truncated>
		<difficult>0</difficult>
		<bndbox>
			<xmin>5</xmin>
			<ymin>136</ymin>
			<xmax>161</xmax>
			<ymax>193</ymax>
		</bndbox>
	</object>
</annotation>
