<annotation>
	<folder>vatti</folder>
	<filename>6.jpg</filename>
	<path>E:\LOGO_\LOGO\raw\vatti\6.jpg</path>
	<source>
		<database>Unknown</database>
	</source>
	<size>
		<width>705</width>
		<height>470</height>
		<depth>3</depth>
	</size>
	<segmented>0</segmented>
	<object>
		<name>vatti</name>
		<pose>Unspecified</pose>
		<truncated>0</truncated>
		<difficult>0</difficult>
		<bndbox>
			<xmin>300</xmin>
			<ymin>33</ymin>
			<xmax>626</xmax>
			<ymax>134</ymax>
		</bndbox>
	</object>
	<object>
		<name>vatti</name>
		<pose>Unspecified</pose>
		<truncated>0</truncated>
		<difficult>0</difficult>
		<bndbox>
			<xmin>250</xmin>
			<ymin>220</ymin>
			<xmax>371</xmax>
			<ymax>252</ymax>
		</bndbox>
	</object>
	<object>
		<name>vatti</name>
		<pose>Unspecified</pose>
		<truncated>0</truncated>
		<difficult>0</difficult>
		<bndbox>
			<xmin>523</xmin>
			<ymin>201</ymin>
			<xmax>627</xmax>
			<ymax>241</ymax>
		</bndbox>
	</object>
	<object>
		<name>vatti</name>
		<pose>Unspecified</pose>
		<truncated>0</truncated>
		<difficult>0</difficult>
		<bndbox>
			<xmin>594</xmin>
			<ymin>267</ymin>
			<xmax>631</xmax>
			<ymax>281</ymax>
		</bndbox>
	</object>
	<object>
		<name>vatti</name>
		<pose>Unspecified</pose>
		<truncated>1</truncated>
		<difficult>0</difficult>
		<bndbox>
			<xmin>1</xmin>
			<ymin>261</ymin>
			<xmax>65</xmax>
			<ymax>279</ymax>
		</bndbox>
	</object>
</annotation>
