<annotation>
	<folder>vatti</folder>
	<filename>8.jpg</filename>
	<path>E:\LOGO_\LOGO\raw\vatti\8.jpg</path>
	<source>
		<database>Unknown</database>
	</source>
	<size>
		<width>1401</width>
		<height>749</height>
		<depth>3</depth>
	</size>
	<segmented>0</segmented>
	<object>
		<name>vatti</name>
		<pose>Unspecified</pose>
		<truncated>0</truncated>
		<difficult>0</difficult>
		<bndbox>
			<xmin>50</xmin>
			<ymin>2</ymin>
			<xmax>195</xmax>
			<ymax>40</ymax>
		</bndbox>
	</object>
</annotation>
