<annotation>
	<folder>vatti</folder>
	<filename>9.jpg</filename>
	<path>E:\LOGO_\LOGO\raw\vatti\9.jpg</path>
	<source>
		<database>Unknown</database>
	</source>
	<size>
		<width>720</width>
		<height>480</height>
		<depth>3</depth>
	</size>
	<segmented>0</segmented>
	<object>
		<name>vatti</name>
		<pose>Unspecified</pose>
		<truncated>0</truncated>
		<difficult>0</difficult>
		<bndbox>
			<xmin>92</xmin>
			<ymin>144</ymin>
			<xmax>608</xmax>
			<ymax>317</ymax>
		</bndbox>
	</object>
	<object>
		<name>vatti</name>
		<pose>Unspecified</pose>
		<truncated>1</truncated>
		<difficult>0</difficult>
		<bndbox>
			<xmin>699</xmin>
			<ymin>431</ymin>
			<xmax>720</xmax>
			<ymax>451</ymax>
		</bndbox>
	</object>
</annotation>
