<annotation>
	<folder>wuliangye</folder>
	<filename>10.jpg</filename>
	<path>E:\LOGO_\LOGO\raw\wuliangye\10.jpg</path>
	<source>
		<database>Unknown</database>
	</source>
	<size>
		<width>1140</width>
		<height>796</height>
		<depth>3</depth>
	</size>
	<segmented>0</segmented>
	<object>
		<name>wuliangye</name>
		<pose>Unspecified</pose>
		<truncated>0</truncated>
		<difficult>0</difficult>
		<bndbox>
			<xmin>766</xmin>
			<ymin>333</ymin>
			<xmax>826</xmax>
			<ymax>376</ymax>
		</bndbox>
	</object>
	<object>
		<name>wuliangye</name>
		<pose>Unspecified</pose>
		<truncated>0</truncated>
		<difficult>0</difficult>
		<bndbox>
			<xmin>830</xmin>
			<ymin>336</ymin>
			<xmax>948</xmax>
			<ymax>373</ymax>
		</bndbox>
	</object>
	<object>
		<name>wuliangye</name>
		<pose>Unspecified</pose>
		<truncated>0</truncated>
		<difficult>0</difficult>
		<bndbox>
			<xmin>143</xmin>
			<ymin>369</ymin>
			<xmax>176</xmax>
			<ymax>397</ymax>
		</bndbox>
	</object>
	<object>
		<name>wuliangye</name>
		<pose>Unspecified</pose>
		<truncated>0</truncated>
		<difficult>0</difficult>
		<bndbox>
			<xmin>180</xmin>
			<ymin>372</ymin>
			<xmax>244</xmax>
			<ymax>397</ymax>
		</bndbox>
	</object>
</annotation>
