<annotation>
	<folder>wuliangye</folder>
	<filename>2.jpg</filename>
	<path>E:\LOGO_\LOGO\raw\wuliangye\2.jpg</path>
	<source>
		<database>Unknown</database>
	</source>
	<size>
		<width>500</width>
		<height>327</height>
		<depth>3</depth>
	</size>
	<segmented>0</segmented>
	<object>
		<name>wuliangye</name>
		<pose>Unspecified</pose>
		<truncated>0</truncated>
		<difficult>0</difficult>
		<bndbox>
			<xmin>204</xmin>
			<ymin>155</ymin>
			<xmax>284</xmax>
			<ymax>179</ymax>
		</bndbox>
	</object>
	<object>
		<name>wuliangye</name>
		<pose>Unspecified</pose>
		<truncated>0</truncated>
		<difficult>0</difficult>
		<bndbox>
			<xmin>224</xmin>
			<ymin>73</ymin>
			<xmax>262</xmax>
			<ymax>105</ymax>
		</bndbox>
	</object>
</annotation>
