<annotation>
	<folder>wuliangye</folder>
	<filename>3.jpg</filename>
	<path>E:\LOGO_\LOGO\raw\wuliangye\3.jpg</path>
	<source>
		<database>Unknown</database>
	</source>
	<size>
		<width>529</width>
		<height>300</height>
		<depth>3</depth>
	</size>
	<segmented>0</segmented>
	<object>
		<name>wuliangye</name>
		<pose>Unspecified</pose>
		<truncated>0</truncated>
		<difficult>0</difficult>
		<bndbox>
			<xmin>174</xmin>
			<ymin>162</ymin>
			<xmax>220</xmax>
			<ymax>179</ymax>
		</bndbox>
	</object>
	<object>
		<name>wuliangye</name>
		<pose>Unspecified</pose>
		<truncated>0</truncated>
		<difficult>0</difficult>
		<bndbox>
			<xmin>108</xmin>
			<ymin>163</ymin>
			<xmax>157</xmax>
			<ymax>179</ymax>
		</bndbox>
	</object>
	<object>
		<name>wuliangye</name>
		<pose>Unspecified</pose>
		<truncated>0</truncated>
		<difficult>0</difficult>
		<bndbox>
			<xmin>48</xmin>
			<ymin>163</ymin>
			<xmax>96</xmax>
			<ymax>179</ymax>
		</bndbox>
	</object>
	<object>
		<name>wuliangye</name>
		<pose>Unspecified</pose>
		<truncated>0</truncated>
		<difficult>0</difficult>
		<bndbox>
			<xmin>70</xmin>
			<ymin>272</ymin>
			<xmax>152</xmax>
			<ymax>298</ymax>
		</bndbox>
	</object>
	<object>
		<name>wuliangye</name>
		<pose>Unspecified</pose>
		<truncated>0</truncated>
		<difficult>0</difficult>
		<bndbox>
			<xmin>330</xmin>
			<ymin>84</ymin>
			<xmax>528</xmax>
			<ymax>263</ymax>
		</bndbox>
	</object>
	<object>
		<name>wuliangye</name>
		<pose>Unspecified</pose>
		<truncated>0</truncated>
		<difficult>0</difficult>
		<bndbox>
			<xmin>429</xmin>
			<ymin>7</ymin>
			<xmax>525</xmax>
			<ymax>116</ymax>
		</bndbox>
	</object>
	<object>
		<name>wuliangye</name>
		<pose>Unspecified</pose>
		<truncated>0</truncated>
		<difficult>0</difficult>
		<bndbox>
			<xmin>60</xmin>
			<ymin>87</ymin>
			<xmax>86</xmax>
			<ymax>102</ymax>
		</bndbox>
	</object>
	<object>
		<name>wuliangye</name>
		<pose>Unspecified</pose>
		<truncated>0</truncated>
		<difficult>0</difficult>
		<bndbox>
			<xmin>120</xmin>
			<ymin>85</ymin>
			<xmax>146</xmax>
			<ymax>103</ymax>
		</bndbox>
	</object>
	<object>
		<name>wuliangye</name>
		<pose>Unspecified</pose>
		<truncated>0</truncated>
		<difficult>0</difficult>
		<bndbox>
			<xmin>184</xmin>
			<ymin>86</ymin>
			<xmax>208</xmax>
			<ymax>103</ymax>
		</bndbox>
	</object>
</annotation>
