<annotation>
	<folder>wuliangye</folder>
	<filename>4.jpg</filename>
	<path>E:\LOGO_\LOGO\raw\wuliangye\4.jpg</path>
	<source>
		<database>Unknown</database>
	</source>
	<size>
		<width>500</width>
		<height>500</height>
		<depth>3</depth>
	</size>
	<segmented>0</segmented>
	<object>
		<name>wuliangye</name>
		<pose>Unspecified</pose>
		<truncated>0</truncated>
		<difficult>0</difficult>
		<bndbox>
			<xmin>155</xmin>
			<ymin>217</ymin>
			<xmax>352</xmax>
			<ymax>283</ymax>
		</bndbox>
	</object>
	<object>
		<name>wuliangye</name>
		<pose>Unspecified</pose>
		<truncated>0</truncated>
		<difficult>0</difficult>
		<bndbox>
			<xmin>390</xmin>
			<ymin>275</ymin>
			<xmax>424</xmax>
			<ymax>300</ymax>
		</bndbox>
	</object>
	<object>
		<name>wuliangye</name>
		<pose>Unspecified</pose>
		<truncated>0</truncated>
		<difficult>0</difficult>
		<bndbox>
			<xmin>377</xmin>
			<ymin>351</ymin>
			<xmax>439</xmax>
			<ymax>371</ymax>
		</bndbox>
	</object>
	<object>
		<name>wuliangye</name>
		<pose>Unspecified</pose>
		<truncated>0</truncated>
		<difficult>0</difficult>
		<bndbox>
			<xmin>236</xmin>
			<ymin>150</ymin>
			<xmax>290</xmax>
			<ymax>200</ymax>
		</bndbox>
	</object>
	<object>
		<name>wuliangye</name>
		<pose>Unspecified</pose>
		<truncated>0</truncated>
		<difficult>0</difficult>
		<bndbox>
			<xmin>394</xmin>
			<ymin>207</ymin>
			<xmax>417</xmax>
			<ymax>226</ymax>
		</bndbox>
	</object>
	<object>
		<name>wuliangye</name>
		<pose>Unspecified</pose>
		<truncated>0</truncated>
		<difficult>0</difficult>
		<bndbox>
			<xmin>378</xmin>
			<ymin>242</ymin>
			<xmax>436</xmax>
			<ymax>260</ymax>
		</bndbox>
	</object>
</annotation>
