<annotation>
	<folder>wuliangye</folder>
	<filename>5.jpg</filename>
	<path>E:\LOGO_\LOGO\raw\wuliangye\5.jpg</path>
	<source>
		<database>Unknown</database>
	</source>
	<size>
		<width>401</width>
		<height>256</height>
		<depth>3</depth>
	</size>
	<segmented>0</segmented>
	<object>
		<name>wuliangye</name>
		<pose>Unspecified</pose>
		<truncated>0</truncated>
		<difficult>0</difficult>
		<bndbox>
			<xmin>155</xmin>
			<ymin>51</ymin>
			<xmax>219</xmax>
			<ymax>95</ymax>
		</bndbox>
	</object>
</annotation>
