<annotation>
	<folder>wuliangye</folder>
	<filename>6.jpg</filename>
	<path>E:\LOGO_\LOGO\raw\wuliangye\6.jpg</path>
	<source>
		<database>Unknown</database>
	</source>
	<size>
		<width>300</width>
		<height>231</height>
		<depth>3</depth>
	</size>
	<segmented>0</segmented>
	<object>
		<name>wuliangye</name>
		<pose>Unspecified</pose>
		<truncated>0</truncated>
		<difficult>0</difficult>
		<bndbox>
			<xmin>80</xmin>
			<ymin>53</ymin>
			<xmax>188</xmax>
			<ymax>95</ymax>
		</bndbox>
	</object>
	<object>
		<name>wuliangye</name>
		<pose>Unspecified</pose>
		<truncated>1</truncated>
		<difficult>0</difficult>
		<bndbox>
			<xmin>119</xmin>
			<ymin>1</ymin>
			<xmax>169</xmax>
			<ymax>46</ymax>
		</bndbox>
	</object>
</annotation>
