<annotation>
	<folder>wuliangye</folder>
	<filename>7.jpg</filename>
	<path>E:\LOGO_\LOGO\raw\wuliangye\7.jpg</path>
	<source>
		<database>Unknown</database>
	</source>
	<size>
		<width>500</width>
		<height>906</height>
		<depth>3</depth>
	</size>
	<segmented>0</segmented>
	<object>
		<name>wuliangye</name>
		<pose>Unspecified</pose>
		<truncated>0</truncated>
		<difficult>0</difficult>
		<bndbox>
			<xmin>226</xmin>
			<ymin>246</ymin>
			<xmax>336</xmax>
			<ymax>345</ymax>
		</bndbox>
	</object>
</annotation>
