<annotation>
	<folder>wuliangye</folder>
	<filename>8.jpg</filename>
	<path>E:\LOGO_\LOGO\raw\wuliangye\8.jpg</path>
	<source>
		<database>Unknown</database>
	</source>
	<size>
		<width>500</width>
		<height>337</height>
		<depth>3</depth>
	</size>
	<segmented>0</segmented>
	<object>
		<name>wuliangye</name>
		<pose>Unspecified</pose>
		<truncated>0</truncated>
		<difficult>0</difficult>
		<bndbox>
			<xmin>151</xmin>
			<ymin>29</ymin>
			<xmax>313</xmax>
			<ymax>181</ymax>
		</bndbox>
	</object>
</annotation>
