<annotation>
	<folder>wuliangye</folder>
	<filename>9.jpg</filename>
	<path>E:\LOGO_\LOGO\raw\wuliangye\9.jpg</path>
	<source>
		<database>Unknown</database>
	</source>
	<size>
		<width>650</width>
		<height>433</height>
		<depth>3</depth>
	</size>
	<segmented>0</segmented>
	<object>
		<name>wuliangye</name>
		<pose>Unspecified</pose>
		<truncated>0</truncated>
		<difficult>0</difficult>
		<bndbox>
			<xmin>348</xmin>
			<ymin>23</ymin>
			<xmax>407</xmax>
			<ymax>83</ymax>
		</bndbox>
	</object>
	<object>
		<name>wuliangye</name>
		<pose>Unspecified</pose>
		<truncated>0</truncated>
		<difficult>0</difficult>
		<bndbox>
			<xmin>241</xmin>
			<ymin>309</ymin>
			<xmax>272</xmax>
			<ymax>339</ymax>
		</bndbox>
	</object>
	<object>
		<name>wuliangye</name>
		<pose>Unspecified</pose>
		<truncated>0</truncated>
		<difficult>0</difficult>
		<bndbox>
			<xmin>223</xmin>
			<ymin>343</ymin>
			<xmax>293</xmax>
			<ymax>363</ymax>
		</bndbox>
	</object>
</annotation>
