<annotation>
	<folder>wanda</folder>
	<filename>1.jpg</filename>
	<path>E:\LOGO_\LOGO\raw\wanda\1.jpg</path>
	<source>
		<database>Unknown</database>
	</source>
	<size>
		<width>640</width>
		<height>427</height>
		<depth>3</depth>
	</size>
	<segmented>0</segmented>
	<object>
		<name>wanda</name>
		<pose>Unspecified</pose>
		<truncated>0</truncated>
		<difficult>0</difficult>
		<bndbox>
			<xmin>175</xmin>
			<ymin>25</ymin>
			<xmax>498</xmax>
			<ymax>109</ymax>
		</bndbox>
	</object>
</annotation>
