<annotation>
	<folder>wanda</folder>
	<filename>10.jpg</filename>
	<path>E:\LOGO_\LOGO\raw\wanda\10.jpg</path>
	<source>
		<database>Unknown</database>
	</source>
	<size>
		<width>900</width>
		<height>600</height>
		<depth>3</depth>
	</size>
	<segmented>0</segmented>
	<object>
		<name>wanda</name>
		<pose>Unspecified</pose>
		<truncated>0</truncated>
		<difficult>0</difficult>
		<bndbox>
			<xmin>259</xmin>
			<ymin>32</ymin>
			<xmax>545</xmax>
			<ymax>136</ymax>
		</bndbox>
	</object>
</annotation>
