<annotation>
	<folder>wanda</folder>
	<filename>2.jpg</filename>
	<path>E:\LOGO_\LOGO\raw\wanda\2.jpg</path>
	<source>
		<database>Unknown</database>
	</source>
	<size>
		<width>1920</width>
		<height>1280</height>
		<depth>3</depth>
	</size>
	<segmented>0</segmented>
	<object>
		<name>wanda</name>
		<pose>Unspecified</pose>
		<truncated>0</truncated>
		<difficult>0</difficult>
		<bndbox>
			<xmin>85</xmin>
			<ymin>82</ymin>
			<xmax>1899</xmax>
			<ymax>1260</ymax>
		</bndbox>
	</object>
</annotation>
