<annotation>
	<folder>wanda</folder>
	<filename>3.jpg</filename>
	<path>E:\LOGO_\LOGO\raw\wanda\3.jpg</path>
	<source>
		<database>Unknown</database>
	</source>
	<size>
		<width>550</width>
		<height>312</height>
		<depth>3</depth>
	</size>
	<segmented>0</segmented>
	<object>
		<name>wanda</name>
		<pose>Unspecified</pose>
		<truncated>0</truncated>
		<difficult>0</difficult>
		<bndbox>
			<xmin>89</xmin>
			<ymin>95</ymin>
			<xmax>395</xmax>
			<ymax>196</ymax>
		</bndbox>
	</object>
</annotation>
