<annotation>
	<folder>wanda</folder>
	<filename>4.jpg</filename>
	<path>E:\LOGO_\LOGO\raw\wanda\4.jpg</path>
	<source>
		<database>Unknown</database>
	</source>
	<size>
		<width>550</width>
		<height>412</height>
		<depth>3</depth>
	</size>
	<segmented>0</segmented>
	<object>
		<name>wanda</name>
		<pose>Unspecified</pose>
		<truncated>0</truncated>
		<difficult>0</difficult>
		<bndbox>
			<xmin>119</xmin>
			<ymin>178</ymin>
			<xmax>273</xmax>
			<ymax>245</ymax>
		</bndbox>
	</object>
</annotation>
