<annotation>
	<folder>wanda</folder>
	<filename>6.jpg</filename>
	<path>E:\LOGO_\LOGO\raw\wanda\6.jpg</path>
	<source>
		<database>Unknown</database>
	</source>
	<size>
		<width>1000</width>
		<height>562</height>
		<depth>3</depth>
	</size>
	<segmented>0</segmented>
	<object>
		<name>wanda</name>
		<pose>Unspecified</pose>
		<truncated>1</truncated>
		<difficult>0</difficult>
		<bndbox>
			<xmin>242</xmin>
			<ymin>1</ymin>
			<xmax>756</xmax>
			<ymax>119</ymax>
		</bndbox>
	</object>
</annotation>
