<annotation>
	<folder>wanda</folder>
	<filename>7.png</filename>
	<path>E:\LOGO_\LOGO\raw\wanda\7.png</path>
	<source>
		<database>Unknown</database>
	</source>
	<size>
		<width>491</width>
		<height>324</height>
		<depth>3</depth>
	</size>
	<segmented>0</segmented>
	<object>
		<name>wanda</name>
		<pose>Unspecified</pose>
		<truncated>0</truncated>
		<difficult>0</difficult>
		<bndbox>
			<xmin>20</xmin>
			<ymin>97</ymin>
			<xmax>372</xmax>
			<ymax>212</ymax>
		</bndbox>
	</object>
	<object>
		<name>wanda</name>
		<pose>Unspecified</pose>
		<truncated>0</truncated>
		<difficult>0</difficult>
		<bndbox>
			<xmin>401</xmin>
			<ymin>200</ymin>
			<xmax>473</xmax>
			<ymax>267</ymax>
		</bndbox>
	</object>
</annotation>
