<annotation>
	<folder>wanda</folder>
	<filename>8.jpg</filename>
	<path>E:\LOGO_\LOGO\raw\wanda\8.jpg</path>
	<source>
		<database>Unknown</database>
	</source>
	<size>
		<width>755</width>
		<height>450</height>
		<depth>3</depth>
	</size>
	<segmented>0</segmented>
	<object>
		<name>wanda</name>
		<pose>Unspecified</pose>
		<truncated>0</truncated>
		<difficult>0</difficult>
		<bndbox>
			<xmin>153</xmin>
			<ymin>143</ymin>
			<xmax>439</xmax>
			<ymax>218</ymax>
		</bndbox>
	</object>
</annotation>
