<annotation>
	<folder>wanda</folder>
	<filename>9.jpg</filename>
	<path>E:\LOGO_\LOGO\raw\wanda\9.jpg</path>
	<source>
		<database>Unknown</database>
	</source>
	<size>
		<width>567</width>
		<height>378</height>
		<depth>3</depth>
	</size>
	<segmented>0</segmented>
	<object>
		<name>wanda</name>
		<pose>Unspecified</pose>
		<truncated>0</truncated>
		<difficult>0</difficult>
		<bndbox>
			<xmin>171</xmin>
			<ymin>5</ymin>
			<xmax>406</xmax>
			<ymax>56</ymax>
		</bndbox>
	</object>
</annotation>
