<annotation>
	<folder>bjtv</folder>
	<filename>1.jpg</filename>
	<path>E:\LOGO_\LOGO\raw\bjtv\1.jpg</path>
	<source>
		<database>Unknown</database>
	</source>
	<size>
		<width>307</width>
		<height>289</height>
		<depth>3</depth>
	</size>
	<segmented>0</segmented>
	<object>
		<name>bjtv</name>
		<pose>Unspecified</pose>
		<truncated>1</truncated>
		<difficult>0</difficult>
		<bndbox>
			<xmin>4</xmin>
			<ymin>3</ymin>
			<xmax>307</xmax>
			<ymax>287</ymax>
		</bndbox>
	</object>
</annotation>
