<annotation>
	<folder>bjtv</folder>
	<filename>10.jpg</filename>
	<path>E:\LOGO_\LOGO\raw\bjtv\10.jpg</path>
	<source>
		<database>Unknown</database>
	</source>
	<size>
		<width>434</width>
		<height>227</height>
		<depth>3</depth>
	</size>
	<segmented>0</segmented>
	<object>
		<name>bjtv</name>
		<pose>Unspecified</pose>
		<truncated>0</truncated>
		<difficult>0</difficult>
		<bndbox>
			<xmin>187</xmin>
			<ymin>82</ymin>
			<xmax>228</xmax>
			<ymax>97</ymax>
		</bndbox>
	</object>
</annotation>
