<annotation>
	<folder>bjtv</folder>
	<filename>11.jpg</filename>
	<path>E:\LOGO_\LOGO\raw\bjtv\11.jpg</path>
	<source>
		<database>Unknown</database>
	</source>
	<size>
		<width>470</width>
		<height>347</height>
		<depth>3</depth>
	</size>
	<segmented>0</segmented>
	<object>
		<name>bjtv</name>
		<pose>Unspecified</pose>
		<truncated>0</truncated>
		<difficult>0</difficult>
		<bndbox>
			<xmin>46</xmin>
			<ymin>28</ymin>
			<xmax>126</xmax>
			<ymax>46</ymax>
		</bndbox>
	</object>
</annotation>
