<annotation>
	<folder>bjtv</folder>
	<filename>12.jpg</filename>
	<path>E:\LOGO_\LOGO\raw\bjtv\12.jpg</path>
	<source>
		<database>Unknown</database>
	</source>
	<size>
		<width>468</width>
		<height>350</height>
		<depth>3</depth>
	</size>
	<segmented>0</segmented>
	<object>
		<name>bjtv</name>
		<pose>Unspecified</pose>
		<truncated>0</truncated>
		<difficult>0</difficult>
		<bndbox>
			<xmin>43</xmin>
			<ymin>28</ymin>
			<xmax>126</xmax>
			<ymax>48</ymax>
		</bndbox>
	</object>
</annotation>
