<annotation>
	<folder>bjtv</folder>
	<filename>2.jpg</filename>
	<path>E:\LOGO_\LOGO\raw\bjtv\2.jpg</path>
	<source>
		<database>Unknown</database>
	</source>
	<size>
		<width>351</width>
		<height>348</height>
		<depth>3</depth>
	</size>
	<segmented>0</segmented>
	<object>
		<name>bjtv</name>
		<pose>Unspecified</pose>
		<truncated>0</truncated>
		<difficult>0</difficult>
		<bndbox>
			<xmin>31</xmin>
			<ymin>118</ymin>
			<xmax>324</xmax>
			<ymax>192</ymax>
		</bndbox>
	</object>
</annotation>
