<annotation>
	<folder>bjtv</folder>
	<filename>4.jpg</filename>
	<path>E:\LOGO_\LOGO\raw\bjtv\4.jpg</path>
	<source>
		<database>Unknown</database>
	</source>
	<size>
		<width>531</width>
		<height>353</height>
		<depth>3</depth>
	</size>
	<segmented>0</segmented>
	<object>
		<name>bjtv</name>
		<pose>Unspecified</pose>
		<truncated>0</truncated>
		<difficult>0</difficult>
		<bndbox>
			<xmin>455</xmin>
			<ymin>164</ymin>
			<xmax>502</xmax>
			<ymax>185</ymax>
		</bndbox>
	</object>
</annotation>
