<annotation>
	<folder>bjtv</folder>
	<filename>5.jpg</filename>
	<path>E:\LOGO_\LOGO\raw\bjtv\5.jpg</path>
	<source>
		<database>Unknown</database>
	</source>
	<size>
		<width>625</width>
		<height>353</height>
		<depth>3</depth>
	</size>
	<segmented>0</segmented>
	<object>
		<name>bjtv</name>
		<pose>Unspecified</pose>
		<truncated>0</truncated>
		<difficult>0</difficult>
		<bndbox>
			<xmin>37</xmin>
			<ymin>24</ymin>
			<xmax>159</xmax>
			<ymax>47</ymax>
		</bndbox>
	</object>
</annotation>
