<annotation>
	<folder>bjtv</folder>
	<filename>6.jpg</filename>
	<path>E:\LOGO_\LOGO\raw\bjtv\6.jpg</path>
	<source>
		<database>Unknown</database>
	</source>
	<size>
		<width>604</width>
		<height>341</height>
		<depth>3</depth>
	</size>
	<segmented>0</segmented>
	<object>
		<name>bjtv</name>
		<pose>Unspecified</pose>
		<truncated>0</truncated>
		<difficult>0</difficult>
		<bndbox>
			<xmin>192</xmin>
			<ymin>159</ymin>
			<xmax>412</xmax>
			<ymax>281</ymax>
		</bndbox>
	</object>
	<object>
		<name>bjtv</name>
		<pose>Unspecified</pose>
		<truncated>0</truncated>
		<difficult>0</difficult>
		<bndbox>
			<xmin>155</xmin>
			<ymin>138</ymin>
			<xmax>189</xmax>
			<ymax>155</ymax>
		</bndbox>
	</object>
</annotation>
