<annotation>
	<folder>bjtv</folder>
	<filename>7.jpg</filename>
	<path>E:\LOGO_\LOGO\raw\bjtv\7.jpg</path>
	<source>
		<database>Unknown</database>
	</source>
	<size>
		<width>629</width>
		<height>355</height>
		<depth>3</depth>
	</size>
	<segmented>0</segmented>
	<object>
		<name>bjtv</name>
		<pose>Unspecified</pose>
		<truncated>0</truncated>
		<difficult>0</difficult>
		<bndbox>
			<xmin>36</xmin>
			<ymin>26</ymin>
			<xmax>160</xmax>
			<ymax>49</ymax>
		</bndbox>
	</object>
</annotation>
