<annotation>
	<folder>bjtv</folder>
	<filename>9.jpg</filename>
	<path>E:\LOGO_\LOGO\raw\bjtv\9.jpg</path>
	<source>
		<database>Unknown</database>
	</source>
	<size>
		<width>803</width>
		<height>250</height>
		<depth>3</depth>
	</size>
	<segmented>0</segmented>
	<object>
		<name>bjtv</name>
		<pose>Unspecified</pose>
		<truncated>0</truncated>
		<difficult>0</difficult>
		<bndbox>
			<xmin>217</xmin>
			<ymin>16</ymin>
			<xmax>305</xmax>
			<ymax>34</ymax>
		</bndbox>
	</object>
	<object>
		<name>tencent</name>
		<pose>Unspecified</pose>
		<truncated>0</truncated>
		<difficult>0</difficult>
		<bndbox>
			<xmin>312</xmin>
			<ymin>12</ymin>
			<xmax>335</xmax>
			<ymax>35</ymax>
		</bndbox>
	</object>
</annotation>
