<annotation>
	<folder>hntv</folder>
	<filename>1.jpg</filename>
	<path>E:\LOGO_\LOGO\raw\hntv\1.jpg</path>
	<source>
		<database>Unknown</database>
	</source>
	<size>
		<width>454</width>
		<height>336</height>
		<depth>3</depth>
	</size>
	<segmented>0</segmented>
	<object>
		<name>hntv</name>
		<pose>Unspecified</pose>
		<truncated>0</truncated>
		<difficult>0</difficult>
		<bndbox>
			<xmin>128</xmin>
			<ymin>219</ymin>
			<xmax>336</xmax>
			<ymax>288</ymax>
		</bndbox>
	</object>
</annotation>
