<annotation>
	<folder>hntv</folder>
	<filename>10.jpg</filename>
	<path>E:\LOGO_\LOGO\raw\hntv\10.jpg</path>
	<source>
		<database>Unknown</database>
	</source>
	<size>
		<width>440</width>
		<height>300</height>
		<depth>3</depth>
	</size>
	<segmented>0</segmented>
	<object>
		<name>hntv</name>
		<pose>Unspecified</pose>
		<truncated>0</truncated>
		<difficult>0</difficult>
		<bndbox>
			<xmin>361</xmin>
			<ymin>40</ymin>
			<xmax>403</xmax>
			<ymax>72</ymax>
		</bndbox>
	</object>
</annotation>
