<annotation>
	<folder>hntv</folder>
	<filename>11.jpg</filename>
	<path>E:\LOGO_\LOGO\raw\hntv\11.jpg</path>
	<source>
		<database>Unknown</database>
	</source>
	<size>
		<width>400</width>
		<height>266</height>
		<depth>3</depth>
	</size>
	<segmented>0</segmented>
	<object>
		<name>hntv</name>
		<pose>Unspecified</pose>
		<truncated>0</truncated>
		<difficult>0</difficult>
		<bndbox>
			<xmin>288</xmin>
			<ymin>52</ymin>
			<xmax>309</xmax>
			<ymax>66</ymax>
		</bndbox>
	</object>
</annotation>
