<annotation>
	<folder>hntv</folder>
	<filename>12.jpg</filename>
	<path>E:\LOGO_\LOGO\raw\hntv\12.jpg</path>
	<source>
		<database>Unknown</database>
	</source>
	<size>
		<width>1024</width>
		<height>724</height>
		<depth>3</depth>
	</size>
	<segmented>0</segmented>
	<object>
		<name>hntv</name>
		<pose>Unspecified</pose>
		<truncated>0</truncated>
		<difficult>0</difficult>
		<bndbox>
			<xmin>316</xmin>
			<ymin>212</ymin>
			<xmax>450</xmax>
			<ymax>313</ymax>
		</bndbox>
	</object>
	<object>
		<name>hntv</name>
		<pose>Unspecified</pose>
		<truncated>0</truncated>
		<difficult>0</difficult>
		<bndbox>
			<xmin>881</xmin>
			<ymin>180</ymin>
			<xmax>964</xmax>
			<ymax>237</ymax>
		</bndbox>
	</object>
</annotation>
