<annotation>
	<folder>hntv</folder>
	<filename>13.jpg</filename>
	<path>E:\LOGO_\LOGO\raw\hntv\13.jpg</path>
	<source>
		<database>Unknown</database>
	</source>
	<size>
		<width>680</width>
		<height>510</height>
		<depth>3</depth>
	</size>
	<segmented>0</segmented>
	<object>
		<name>hntv</name>
		<pose>Unspecified</pose>
		<truncated>0</truncated>
		<difficult>0</difficult>
		<bndbox>
			<xmin>111</xmin>
			<ymin>59</ymin>
			<xmax>164</xmax>
			<ymax>97</ymax>
		</bndbox>
	</object>
</annotation>
