<annotation>
	<folder>hntv</folder>
	<filename>14.jpg</filename>
	<path>E:\LOGO_\LOGO\raw\hntv\14.jpg</path>
	<source>
		<database>Unknown</database>
	</source>
	<size>
		<width>500</width>
		<height>330</height>
		<depth>3</depth>
	</size>
	<segmented>0</segmented>
	<object>
		<name>hntv</name>
		<pose>Unspecified</pose>
		<truncated>0</truncated>
		<difficult>0</difficult>
		<bndbox>
			<xmin>24</xmin>
			<ymin>7</ymin>
			<xmax>52</xmax>
			<ymax>28</ymax>
		</bndbox>
	</object>
	<object>
		<name>hntv</name>
		<pose>Unspecified</pose>
		<truncated>0</truncated>
		<difficult>0</difficult>
		<bndbox>
			<xmin>273</xmin>
			<ymin>7</ymin>
			<xmax>305</xmax>
			<ymax>28</ymax>
		</bndbox>
	</object>
	<object>
		<name>hntv</name>
		<pose>Unspecified</pose>
		<truncated>0</truncated>
		<difficult>0</difficult>
		<bndbox>
			<xmin>274</xmin>
			<ymin>176</ymin>
			<xmax>304</xmax>
			<ymax>195</ymax>
		</bndbox>
	</object>
	<object>
		<name>hntv</name>
		<pose>Unspecified</pose>
		<truncated>0</truncated>
		<difficult>0</difficult>
		<bndbox>
			<xmin>25</xmin>
			<ymin>175</ymin>
			<xmax>53</xmax>
			<ymax>195</ymax>
		</bndbox>
	</object>
</annotation>
