<annotation>
	<folder>hntv</folder>
	<filename>2.jpg</filename>
	<path>E:\LOGO_\LOGO\raw\hntv\2.jpg</path>
	<source>
		<database>Unknown</database>
	</source>
	<size>
		<width>597</width>
		<height>335</height>
		<depth>3</depth>
	</size>
	<segmented>0</segmented>
	<object>
		<name>hntv</name>
		<pose>Unspecified</pose>
		<truncated>0</truncated>
		<difficult>0</difficult>
		<bndbox>
			<xmin>37</xmin>
			<ymin>24</ymin>
			<xmax>81</xmax>
			<ymax>55</ymax>
		</bndbox>
	</object>
</annotation>
