<annotation>
	<folder>hntv</folder>
	<filename>3.jpg</filename>
	<path>E:\LOGO_\LOGO\raw\hntv\3.jpg</path>
	<source>
		<database>Unknown</database>
	</source>
	<size>
		<width>334</width>
		<height>336</height>
		<depth>3</depth>
	</size>
	<segmented>0</segmented>
	<object>
		<name>hntv</name>
		<pose>Unspecified</pose>
		<truncated>0</truncated>
		<difficult>0</difficult>
		<bndbox>
			<xmin>14</xmin>
			<ymin>56</ymin>
			<xmax>320</xmax>
			<ymax>281</ymax>
		</bndbox>
	</object>
</annotation>
