<annotation>
	<folder>hntv</folder>
	<filename>4.jpg</filename>
	<path>E:\LOGO_\LOGO\raw\hntv\4.jpg</path>
	<source>
		<database>Unknown</database>
	</source>
	<size>
		<width>445</width>
		<height>333</height>
		<depth>3</depth>
	</size>
	<segmented>0</segmented>
	<object>
		<name>hntv</name>
		<pose>Unspecified</pose>
		<truncated>0</truncated>
		<difficult>0</difficult>
		<bndbox>
			<xmin>25</xmin>
			<ymin>100</ymin>
			<xmax>157</xmax>
			<ymax>194</ymax>
		</bndbox>
	</object>
</annotation>
