<annotation>
	<folder>hntv</folder>
	<filename>5.jpg</filename>
	<path>E:\LOGO_\LOGO\raw\hntv\5.jpg</path>
	<source>
		<database>Unknown</database>
	</source>
	<size>
		<width>452</width>
		<height>305</height>
		<depth>3</depth>
	</size>
	<segmented>0</segmented>
	<object>
		<name>hntv</name>
		<pose>Unspecified</pose>
		<truncated>0</truncated>
		<difficult>0</difficult>
		<bndbox>
			<xmin>98</xmin>
			<ymin>88</ymin>
			<xmax>340</xmax>
			<ymax>247</ymax>
		</bndbox>
	</object>
</annotation>
