<annotation>
	<folder>hntv</folder>
	<filename>7.jpg</filename>
	<path>E:\LOGO_\LOGO\raw\hntv\7.jpg</path>
	<source>
		<database>Unknown</database>
	</source>
	<size>
		<width>1920</width>
		<height>1080</height>
		<depth>3</depth>
	</size>
	<segmented>0</segmented>
	<object>
		<name>hntv</name>
		<pose>Unspecified</pose>
		<truncated>0</truncated>
		<difficult>0</difficult>
		<bndbox>
			<xmin>128</xmin>
			<ymin>76</ymin>
			<xmax>256</xmax>
			<ymax>176</ymax>
		</bndbox>
	</object>
</annotation>
