<annotation>
	<folder>hntv</folder>
	<filename>8.jpg</filename>
	<path>E:\LOGO_\LOGO\raw\hntv\8.jpg</path>
	<source>
		<database>Unknown</database>
	</source>
	<size>
		<width>609</width>
		<height>457</height>
		<depth>3</depth>
	</size>
	<segmented>0</segmented>
	<object>
		<name>hntv</name>
		<pose>Unspecified</pose>
		<truncated>0</truncated>
		<difficult>0</difficult>
		<bndbox>
			<xmin>65</xmin>
			<ymin>30</ymin>
			<xmax>132</xmax>
			<ymax>74</ymax>
		</bndbox>
	</object>
</annotation>
