<annotation>
	<folder>hntv</folder>
	<filename>9.jpg</filename>
	<path>E:\LOGO_\LOGO\raw\hntv\9.jpg</path>
	<source>
		<database>Unknown</database>
	</source>
	<size>
		<width>497</width>
		<height>373</height>
		<depth>3</depth>
	</size>
	<segmented>0</segmented>
	<object>
		<name>hntv</name>
		<pose>Unspecified</pose>
		<truncated>0</truncated>
		<difficult>0</difficult>
		<bndbox>
			<xmin>203</xmin>
			<ymin>58</ymin>
			<xmax>269</xmax>
			<ymax>79</ymax>
		</bndbox>
	</object>
</annotation>
