<annotation>
	<folder>supor</folder>
	<filename>1.jpg</filename>
	<path>E:\LOGO_\LOGO\raw\supor\1.jpg</path>
	<source>
		<database>Unknown</database>
	</source>
	<size>
		<width>330</width>
		<height>220</height>
		<depth>3</depth>
	</size>
	<segmented>0</segmented>
	<object>
		<name>supor</name>
		<pose>Unspecified</pose>
		<truncated>0</truncated>
		<difficult>0</difficult>
		<bndbox>
			<xmin>177</xmin>
			<ymin>171</ymin>
			<xmax>224</xmax>
			<ymax>180</ymax>
		</bndbox>
	</object>
	<object>
		<name>supor</name>
		<pose>Unspecified</pose>
		<truncated>1</truncated>
		<difficult>0</difficult>
		<bndbox>
			<xmin>62</xmin>
			<ymin>1</ymin>
			<xmax>149</xmax>
			<ymax>57</ymax>
		</bndbox>
	</object>
	<object>
		<name>supor</name>
		<pose>Unspecified</pose>
		<truncated>1</truncated>
		<difficult>0</difficult>
		<bndbox>
			<xmin>218</xmin>
			<ymin>1</ymin>
			<xmax>271</xmax>
			<ymax>34</ymax>
		</bndbox>
	</object>
</annotation>
