<annotation>
	<folder>supor</folder>
	<filename>10.jpg</filename>
	<path>E:\LOGO_\LOGO\raw\supor\10.jpg</path>
	<source>
		<database>Unknown</database>
	</source>
	<size>
		<width>400</width>
		<height>400</height>
		<depth>3</depth>
	</size>
	<segmented>0</segmented>
	<object>
		<name>supor</name>
		<pose>Unspecified</pose>
		<truncated>0</truncated>
		<difficult>0</difficult>
		<bndbox>
			<xmin>152</xmin>
			<ymin>160</ymin>
			<xmax>236</xmax>
			<ymax>187</ymax>
		</bndbox>
	</object>
</annotation>
