<annotation>
	<folder>supor</folder>
	<filename>11.jpg</filename>
	<path>E:\LOGO_\LOGO\raw\supor\11.jpg</path>
	<source>
		<database>Unknown</database>
	</source>
	<size>
		<width>440</width>
		<height>330</height>
		<depth>3</depth>
	</size>
	<segmented>0</segmented>
	<object>
		<name>supor</name>
		<pose>Unspecified</pose>
		<truncated>1</truncated>
		<difficult>0</difficult>
		<bndbox>
			<xmin>1</xmin>
			<ymin>97</ymin>
			<xmax>262</xmax>
			<ymax>173</ymax>
		</bndbox>
	</object>
	<object>
		<name>supor</name>
		<pose>Unspecified</pose>
		<truncated>1</truncated>
		<difficult>0</difficult>
		<bndbox>
			<xmin>3</xmin>
			<ymin>227</ymin>
			<xmax>268</xmax>
			<ymax>330</ymax>
		</bndbox>
	</object>
</annotation>
