<annotation>
	<folder>supor</folder>
	<filename>12.jpg</filename>
	<path>E:\LOGO_\LOGO\raw\supor\12.jpg</path>
	<source>
		<database>Unknown</database>
	</source>
	<size>
		<width>550</width>
		<height>366</height>
		<depth>3</depth>
	</size>
	<segmented>0</segmented>
	<object>
		<name>supor</name>
		<pose>Unspecified</pose>
		<truncated>0</truncated>
		<difficult>0</difficult>
		<bndbox>
			<xmin>134</xmin>
			<ymin>245</ymin>
			<xmax>220</xmax>
			<ymax>268</ymax>
		</bndbox>
	</object>
</annotation>
