<annotation>
	<folder>supor</folder>
	<filename>13.jpg</filename>
	<path>E:\LOGO_\LOGO\raw\supor\13.jpg</path>
	<source>
		<database>Unknown</database>
	</source>
	<size>
		<width>600</width>
		<height>849</height>
		<depth>3</depth>
	</size>
	<segmented>0</segmented>
	<object>
		<name>supor</name>
		<pose>Unspecified</pose>
		<truncated>0</truncated>
		<difficult>0</difficult>
		<bndbox>
			<xmin>48</xmin>
			<ymin>31</ymin>
			<xmax>208</xmax>
			<ymax>93</ymax>
		</bndbox>
	</object>
</annotation>
