<annotation>
	<folder>supor</folder>
	<filename>14.jpg</filename>
	<path>E:\LOGO_\LOGO\raw\supor\14.jpg</path>
	<source>
		<database>Unknown</database>
	</source>
	<size>
		<width>500</width>
		<height>364</height>
		<depth>3</depth>
	</size>
	<segmented>0</segmented>
	<object>
		<name>supor</name>
		<pose>Unspecified</pose>
		<truncated>0</truncated>
		<difficult>0</difficult>
		<bndbox>
			<xmin>68</xmin>
			<ymin>4</ymin>
			<xmax>273</xmax>
			<ymax>103</ymax>
		</bndbox>
	</object>
</annotation>
