<annotation>
	<folder>supor</folder>
	<filename>15.jpg</filename>
	<path>E:\LOGO_\LOGO\raw\supor\15.jpg</path>
	<source>
		<database>Unknown</database>
	</source>
	<size>
		<width>533</width>
		<height>300</height>
		<depth>3</depth>
	</size>
	<segmented>0</segmented>
	<object>
		<name>supor</name>
		<pose>Unspecified</pose>
		<truncated>0</truncated>
		<difficult>0</difficult>
		<bndbox>
			<xmin>59</xmin>
			<ymin>2</ymin>
			<xmax>461</xmax>
			<ymax>82</ymax>
		</bndbox>
	</object>
</annotation>
