<annotation>
	<folder>supor</folder>
	<filename>16.jpg</filename>
	<path>E:\LOGO_\LOGO\raw\supor\16.jpg</path>
	<source>
		<database>Unknown</database>
	</source>
	<size>
		<width>500</width>
		<height>350</height>
		<depth>3</depth>
	</size>
	<segmented>0</segmented>
	<object>
		<name>supor</name>
		<pose>Unspecified</pose>
		<truncated>0</truncated>
		<difficult>0</difficult>
		<bndbox>
			<xmin>100</xmin>
			<ymin>25</ymin>
			<xmax>407</xmax>
			<ymax>147</ymax>
		</bndbox>
	</object>
</annotation>
