<annotation>
	<folder>supor</folder>
	<filename>2.jpg</filename>
	<path>E:\LOGO_\LOGO\raw\supor\2.jpg</path>
	<source>
		<database>Unknown</database>
	</source>
	<size>
		<width>457</width>
		<height>185</height>
		<depth>3</depth>
	</size>
	<segmented>0</segmented>
	<object>
		<name>supor</name>
		<pose>Unspecified</pose>
		<truncated>0</truncated>
		<difficult>0</difficult>
		<bndbox>
			<xmin>2</xmin>
			<ymin>61</ymin>
			<xmax>151</xmax>
			<ymax>83</ymax>
		</bndbox>
	</object>
</annotation>
