<annotation>
	<folder>supor</folder>
	<filename>3.jpg</filename>
	<path>E:\LOGO_\LOGO\raw\supor\3.jpg</path>
	<source>
		<database>Unknown</database>
	</source>
	<size>
		<width>320</width>
		<height>320</height>
		<depth>3</depth>
	</size>
	<segmented>0</segmented>
	<object>
		<name>supor</name>
		<pose>Unspecified</pose>
		<truncated>0</truncated>
		<difficult>0</difficult>
		<bndbox>
			<xmin>148</xmin>
			<ymin>156</ymin>
			<xmax>188</xmax>
			<ymax>168</ymax>
		</bndbox>
	</object>
</annotation>
