<annotation>
	<folder>supor</folder>
	<filename>4.jpg</filename>
	<path>E:\LOGO_\LOGO\raw\supor\4.jpg</path>
	<source>
		<database>Unknown</database>
	</source>
	<size>
		<width>360</width>
		<height>360</height>
		<depth>3</depth>
	</size>
	<segmented>0</segmented>
	<object>
		<name>supor</name>
		<pose>Unspecified</pose>
		<truncated>0</truncated>
		<difficult>0</difficult>
		<bndbox>
			<xmin>160</xmin>
			<ymin>202</ymin>
			<xmax>207</xmax>
			<ymax>215</ymax>
		</bndbox>
	</object>
</annotation>
