<annotation>
	<folder>supor</folder>
	<filename>5.jpg</filename>
	<path>E:\LOGO_\LOGO\raw\supor\5.jpg</path>
	<source>
		<database>Unknown</database>
	</source>
	<size>
		<width>500</width>
		<height>314</height>
		<depth>3</depth>
	</size>
	<segmented>0</segmented>
	<object>
		<name>supor</name>
		<pose>Unspecified</pose>
		<truncated>0</truncated>
		<difficult>0</difficult>
		<bndbox>
			<xmin>23</xmin>
			<ymin>24</ymin>
			<xmax>194</xmax>
			<ymax>87</ymax>
		</bndbox>
	</object>
</annotation>
