<annotation>
	<folder>supor</folder>
	<filename>6.jpg</filename>
	<path>E:\LOGO_\LOGO\raw\supor\6.jpg</path>
	<source>
		<database>Unknown</database>
	</source>
	<size>
		<width>540</width>
		<height>300</height>
		<depth>3</depth>
	</size>
	<segmented>0</segmented>
	<object>
		<name>supor</name>
		<pose>Unspecified</pose>
		<truncated>0</truncated>
		<difficult>0</difficult>
		<bndbox>
			<xmin>320</xmin>
			<ymin>200</ymin>
			<xmax>351</xmax>
			<ymax>216</ymax>
		</bndbox>
	</object>
	<object>
		<name>supor</name>
		<pose>Unspecified</pose>
		<truncated>0</truncated>
		<difficult>0</difficult>
		<bndbox>
			<xmin>25</xmin>
			<ymin>19</ymin>
			<xmax>184</xmax>
			<ymax>43</ymax>
		</bndbox>
	</object>
</annotation>
