<annotation>
	<folder>supor</folder>
	<filename>7.jpg</filename>
	<path>E:\LOGO_\LOGO\raw\supor\7.jpg</path>
	<source>
		<database>Unknown</database>
	</source>
	<size>
		<width>380</width>
		<height>380</height>
		<depth>3</depth>
	</size>
	<segmented>0</segmented>
	<object>
		<name>supor</name>
		<pose>Unspecified</pose>
		<truncated>0</truncated>
		<difficult>0</difficult>
		<bndbox>
			<xmin>177</xmin>
			<ymin>66</ymin>
			<xmax>221</xmax>
			<ymax>89</ymax>
		</bndbox>
	</object>
	<object>
		<name>supor</name>
		<pose>Unspecified</pose>
		<truncated>0</truncated>
		<difficult>0</difficult>
		<bndbox>
			<xmin>9</xmin>
			<ymin>11</ymin>
			<xmax>110</xmax>
			<ymax>35</ymax>
		</bndbox>
	</object>
</annotation>
