<annotation>
	<folder>supor</folder>
	<filename>8.jpg</filename>
	<path>E:\LOGO_\LOGO\raw\supor\8.jpg</path>
	<source>
		<database>Unknown</database>
	</source>
	<size>
		<width>500</width>
		<height>500</height>
		<depth>3</depth>
	</size>
	<segmented>0</segmented>
	<object>
		<name>supor</name>
		<pose>Unspecified</pose>
		<truncated>0</truncated>
		<difficult>0</difficult>
		<bndbox>
			<xmin>203</xmin>
			<ymin>199</ymin>
			<xmax>296</xmax>
			<ymax>225</ymax>
		</bndbox>
	</object>
</annotation>
