<annotation>
	<folder>suzuki</folder>
	<filename>1.jpg</filename>
	<path>E:\LOGO_\LOGO\raw\suzuki\1.jpg</path>
	<source>
		<database>Unknown</database>
	</source>
	<size>
		<width>293</width>
		<height>220</height>
		<depth>3</depth>
	</size>
	<segmented>0</segmented>
	<object>
		<name>suzuki</name>
		<pose>Unspecified</pose>
		<truncated>0</truncated>
		<difficult>0</difficult>
		<bndbox>
			<xmin>108</xmin>
			<ymin>141</ymin>
			<xmax>162</xmax>
			<ymax>163</ymax>
		</bndbox>
	</object>
	<object>
		<name>suzuki</name>
		<pose>Unspecified</pose>
		<truncated>0</truncated>
		<difficult>0</difficult>
		<bndbox>
			<xmin>145</xmin>
			<ymin>47</ymin>
			<xmax>155</xmax>
			<ymax>57</ymax>
		</bndbox>
	</object>
</annotation>
