<annotation>
	<folder>suzuki</folder>
	<filename>10.jpg</filename>
	<path>E:\LOGO_\LOGO\raw\suzuki\10.jpg</path>
	<source>
		<database>Unknown</database>
	</source>
	<size>
		<width>500</width>
		<height>371</height>
		<depth>3</depth>
	</size>
	<segmented>0</segmented>
	<object>
		<name>suzuki</name>
		<pose>Unspecified</pose>
		<truncated>0</truncated>
		<difficult>0</difficult>
		<bndbox>
			<xmin>72</xmin>
			<ymin>61</ymin>
			<xmax>132</xmax>
			<ymax>284</ymax>
		</bndbox>
	</object>
	<object>
		<name>suzuki</name>
		<pose>Unspecified</pose>
		<truncated>0</truncated>
		<difficult>0</difficult>
		<bndbox>
			<xmin>193</xmin>
			<ymin>75</ymin>
			<xmax>241</xmax>
			<ymax>280</ymax>
		</bndbox>
	</object>
	<object>
		<name>suzuki</name>
		<pose>Unspecified</pose>
		<truncated>0</truncated>
		<difficult>0</difficult>
		<bndbox>
			<xmin>324</xmin>
			<ymin>75</ymin>
			<xmax>372</xmax>
			<ymax>278</ymax>
		</bndbox>
	</object>
	<object>
		<name>suzuki</name>
		<pose>Unspecified</pose>
		<truncated>0</truncated>
		<difficult>0</difficult>
		<bndbox>
			<xmin>428</xmin>
			<ymin>87</ymin>
			<xmax>476</xmax>
			<ymax>285</ymax>
		</bndbox>
	</object>
</annotation>
