<annotation>
	<folder>suzuki</folder>
	<filename>11.jpg</filename>
	<path>E:\LOGO_\LOGO\raw\suzuki\11.jpg</path>
	<source>
		<database>Unknown</database>
	</source>
	<size>
		<width>533</width>
		<height>300</height>
		<depth>3</depth>
	</size>
	<segmented>0</segmented>
	<object>
		<name>suzuki</name>
		<pose>Unspecified</pose>
		<truncated>0</truncated>
		<difficult>0</difficult>
		<bndbox>
			<xmin>125</xmin>
			<ymin>141</ymin>
			<xmax>252</xmax>
			<ymax>171</ymax>
		</bndbox>
	</object>
</annotation>
