<annotation>
	<folder>suzuki</folder>
	<filename>12.jpg</filename>
	<path>E:\LOGO_\LOGO\raw\suzuki\12.jpg</path>
	<source>
		<database>Unknown</database>
	</source>
	<size>
		<width>680</width>
		<height>300</height>
		<depth>3</depth>
	</size>
	<segmented>0</segmented>
	<object>
		<name>suzuki</name>
		<pose>Unspecified</pose>
		<truncated>0</truncated>
		<difficult>0</difficult>
		<bndbox>
			<xmin>569</xmin>
			<ymin>15</ymin>
			<xmax>663</xmax>
			<ymax>78</ymax>
		</bndbox>
	</object>
	<object>
		<name>suzuki</name>
		<pose>Unspecified</pose>
		<truncated>0</truncated>
		<difficult>0</difficult>
		<bndbox>
			<xmin>301</xmin>
			<ymin>135</ymin>
			<xmax>314</xmax>
			<ymax>145</ymax>
		</bndbox>
	</object>
</annotation>
