<annotation>
	<folder>suzuki</folder>
	<filename>13.jpg</filename>
	<path>E:\LOGO_\LOGO\raw\suzuki\13.jpg</path>
	<source>
		<database>Unknown</database>
	</source>
	<size>
		<width>700</width>
		<height>365</height>
		<depth>3</depth>
	</size>
	<segmented>0</segmented>
	<object>
		<name>suzuki</name>
		<pose>Unspecified</pose>
		<truncated>0</truncated>
		<difficult>0</difficult>
		<bndbox>
			<xmin>500</xmin>
			<ymin>154</ymin>
			<xmax>530</xmax>
			<ymax>181</ymax>
		</bndbox>
	</object>
</annotation>
