<annotation>
	<folder>suzuki</folder>
	<filename>14.jpg</filename>
	<path>E:\LOGO_\LOGO\raw\suzuki\14.jpg</path>
	<source>
		<database>Unknown</database>
	</source>
	<size>
		<width>2304</width>
		<height>3072</height>
		<depth>3</depth>
	</size>
	<segmented>0</segmented>
	<object>
		<name>suzuki</name>
		<pose>Unspecified</pose>
		<truncated>0</truncated>
		<difficult>0</difficult>
		<bndbox>
			<xmin>859</xmin>
			<ymin>2255</ymin>
			<xmax>1426</xmax>
			<ymax>2750</ymax>
		</bndbox>
	</object>
	<object>
		<name>suzuki</name>
		<pose>Unspecified</pose>
		<truncated>1</truncated>
		<difficult>0</difficult>
		<bndbox>
			<xmin>2154</xmin>
			<ymin>1031</ymin>
			<xmax>2304</xmax>
			<ymax>1100</ymax>
		</bndbox>
	</object>
</annotation>
