<annotation>
	<folder>suzuki</folder>
	<filename>15.jpg</filename>
	<path>E:\LOGO_\LOGO\raw\suzuki\15.jpg</path>
	<source>
		<database>Unknown</database>
	</source>
	<size>
		<width>541</width>
		<height>300</height>
		<depth>3</depth>
	</size>
	<segmented>0</segmented>
	<object>
		<name>suzuki</name>
		<pose>Unspecified</pose>
		<truncated>0</truncated>
		<difficult>0</difficult>
		<bndbox>
			<xmin>163</xmin>
			<ymin>120</ymin>
			<xmax>184</xmax>
			<ymax>147</ymax>
		</bndbox>
	</object>
</annotation>
