<annotation>
	<folder>suzuki</folder>
	<filename>2.jpg</filename>
	<path>E:\LOGO_\LOGO\raw\suzuki\2.jpg</path>
	<source>
		<database>Unknown</database>
	</source>
	<size>
		<width>220</width>
		<height>220</height>
		<depth>3</depth>
	</size>
	<segmented>0</segmented>
	<object>
		<name>suzuki</name>
		<pose>Unspecified</pose>
		<truncated>1</truncated>
		<difficult>0</difficult>
		<bndbox>
			<xmin>1</xmin>
			<ymin>20</ymin>
			<xmax>220</xmax>
			<ymax>173</ymax>
		</bndbox>
	</object>
</annotation>
