<annotation>
	<folder>suzuki</folder>
	<filename>3.jpg</filename>
	<path>E:\LOGO_\LOGO\raw\suzuki\3.jpg</path>
	<source>
		<database>Unknown</database>
	</source>
	<size>
		<width>500</width>
		<height>352</height>
		<depth>3</depth>
	</size>
	<segmented>0</segmented>
	<object>
		<name>suzuki</name>
		<pose>Unspecified</pose>
		<truncated>0</truncated>
		<difficult>0</difficult>
		<bndbox>
			<xmin>226</xmin>
			<ymin>111</ymin>
			<xmax>283</xmax>
			<ymax>132</ymax>
		</bndbox>
	</object>
	<object>
		<name>suzuki</name>
		<pose>Unspecified</pose>
		<truncated>0</truncated>
		<difficult>0</difficult>
		<bndbox>
			<xmin>379</xmin>
			<ymin>74</ymin>
			<xmax>400</xmax>
			<ymax>83</ymax>
		</bndbox>
	</object>
</annotation>
