<annotation>
	<folder>suzuki</folder>
	<filename>4.jpg</filename>
	<path>E:\LOGO_\LOGO\raw\suzuki\4.jpg</path>
	<source>
		<database>Unknown</database>
	</source>
	<size>
		<width>500</width>
		<height>333</height>
		<depth>3</depth>
	</size>
	<segmented>0</segmented>
	<object>
		<name>suzuki</name>
		<pose>Unspecified</pose>
		<truncated>0</truncated>
		<difficult>0</difficult>
		<bndbox>
			<xmin>211</xmin>
			<ymin>230</ymin>
			<xmax>283</xmax>
			<ymax>268</ymax>
		</bndbox>
	</object>
	<object>
		<name>suzuki</name>
		<pose>Unspecified</pose>
		<truncated>0</truncated>
		<difficult>0</difficult>
		<bndbox>
			<xmin>166</xmin>
			<ymin>88</ymin>
			<xmax>300</xmax>
			<ymax>193</ymax>
		</bndbox>
	</object>
</annotation>
