<annotation>
	<folder>suzuki</folder>
	<filename>5.jpg</filename>
	<path>E:\LOGO_\LOGO\raw\suzuki\5.jpg</path>
	<source>
		<database>Unknown</database>
	</source>
	<size>
		<width>500</width>
		<height>332</height>
		<depth>3</depth>
	</size>
	<segmented>0</segmented>
	<object>
		<name>suzuki</name>
		<pose>Unspecified</pose>
		<truncated>0</truncated>
		<difficult>0</difficult>
		<bndbox>
			<xmin>43</xmin>
			<ymin>94</ymin>
			<xmax>495</xmax>
			<ymax>327</ymax>
		</bndbox>
	</object>
</annotation>
