<annotation>
	<folder>suzuki</folder>
	<filename>6.jpg</filename>
	<path>E:\LOGO_\LOGO\raw\suzuki\6.jpg</path>
	<source>
		<database>Unknown</database>
	</source>
	<size>
		<width>330</width>
		<height>220</height>
		<depth>3</depth>
	</size>
	<segmented>0</segmented>
	<object>
		<name>suzuki</name>
		<pose>Unspecified</pose>
		<truncated>0</truncated>
		<difficult>0</difficult>
		<bndbox>
			<xmin>50</xmin>
			<ymin>112</ymin>
			<xmax>63</xmax>
			<ymax>125</ymax>
		</bndbox>
	</object>
</annotation>
