<annotation>
	<folder>suzuki</folder>
	<filename>7.jpg</filename>
	<path>E:\LOGO_\LOGO\raw\suzuki\7.jpg</path>
	<source>
		<database>Unknown</database>
	</source>
	<size>
		<width>500</width>
		<height>333</height>
		<depth>3</depth>
	</size>
	<segmented>0</segmented>
	<object>
		<name>suzuki</name>
		<pose>Unspecified</pose>
		<truncated>0</truncated>
		<difficult>0</difficult>
		<bndbox>
			<xmin>320</xmin>
			<ymin>129</ymin>
			<xmax>337</xmax>
			<ymax>145</ymax>
		</bndbox>
	</object>
</annotation>
