<annotation>
	<folder>suzuki</folder>
	<filename>8.jpg</filename>
	<path>E:\LOGO_\LOGO\raw\suzuki\8.jpg</path>
	<source>
		<database>Unknown</database>
	</source>
	<size>
		<width>380</width>
		<height>236</height>
		<depth>3</depth>
	</size>
	<segmented>0</segmented>
	<object>
		<name>suzuki</name>
		<pose>Unspecified</pose>
		<truncated>0</truncated>
		<difficult>0</difficult>
		<bndbox>
			<xmin>78</xmin>
			<ymin>114</ymin>
			<xmax>89</xmax>
			<ymax>128</ymax>
		</bndbox>
	</object>
</annotation>
