<annotation>
	<folder>suzuki</folder>
	<filename>9.jpg</filename>
	<path>E:\LOGO_\LOGO\raw\suzuki\9.jpg</path>
	<source>
		<database>Unknown</database>
	</source>
	<size>
		<width>273</width>
		<height>312</height>
		<depth>3</depth>
	</size>
	<segmented>0</segmented>
	<object>
		<name>suzuki</name>
		<pose>Unspecified</pose>
		<truncated>0</truncated>
		<difficult>0</difficult>
		<bndbox>
			<xmin>81</xmin>
			<ymin>170</ymin>
			<xmax>205</xmax>
			<ymax>207</ymax>
		</bndbox>
	</object>
</annotation>
