<annotation>
	<folder>t_vivo</folder>
	<filename>1.jpg</filename>
	<path>E:\LOGO_\LOGO\raw\t_vivo\1.jpg</path>
	<source>
		<database>Unknown</database>
	</source>
	<size>
		<width>1600</width>
		<height>1066</height>
		<depth>3</depth>
	</size>
	<segmented>0</segmented>
	<object>
		<name>vivo</name>
		<pose>Unspecified</pose>
		<truncated>0</truncated>
		<difficult>0</difficult>
		<bndbox>
			<xmin>760</xmin>
			<ymin>326</ymin>
			<xmax>848</xmax>
			<ymax>392</ymax>
		</bndbox>
	</object>
	<object>
		<name>vivo</name>
		<pose>Unspecified</pose>
		<truncated>0</truncated>
		<difficult>0</difficult>
		<bndbox>
			<xmin>1026</xmin>
			<ymin>680</ymin>
			<xmax>1104</xmax>
			<ymax>743</ymax>
		</bndbox>
	</object>
</annotation>
