<annotation>
	<folder>t_vivo</folder>
	<filename>10.jpg</filename>
	<path>E:\LOGO_\LOGO\raw\t_vivo\10.jpg</path>
	<source>
		<database>Unknown</database>
	</source>
	<size>
		<width>500</width>
		<height>375</height>
		<depth>3</depth>
	</size>
	<segmented>0</segmented>
	<object>
		<name>vivo</name>
		<pose>Unspecified</pose>
		<truncated>0</truncated>
		<difficult>0</difficult>
		<bndbox>
			<xmin>226</xmin>
			<ymin>161</ymin>
			<xmax>269</xmax>
			<ymax>197</ymax>
		</bndbox>
	</object>
</annotation>
