<annotation>
	<folder>t_vivo</folder>
	<filename>11.jpg</filename>
	<path>E:\LOGO_\LOGO\raw\t_vivo\11.jpg</path>
	<source>
		<database>Unknown</database>
	</source>
	<size>
		<width>1002</width>
		<height>564</height>
		<depth>3</depth>
	</size>
	<segmented>0</segmented>
	<object>
		<name>vivo</name>
		<pose>Unspecified</pose>
		<truncated>0</truncated>
		<difficult>0</difficult>
		<bndbox>
			<xmin>838</xmin>
			<ymin>33</ymin>
			<xmax>897</xmax>
			<ymax>58</ymax>
		</bndbox>
	</object>
	<object>
		<name>zjtv</name>
		<pose>Unspecified</pose>
		<truncated>0</truncated>
		<difficult>0</difficult>
		<bndbox>
			<xmin>44</xmin>
			<ymin>22</ymin>
			<xmax>224</xmax>
			<ymax>88</ymax>
		</bndbox>
	</object>
</annotation>
