<annotation>
	<folder>t_vivo</folder>
	<filename>12.jpg</filename>
	<path>E:\LOGO_\LOGO\raw\t_vivo\12.jpg</path>
	<source>
		<database>Unknown</database>
	</source>
	<size>
		<width>692</width>
		<height>519</height>
		<depth>3</depth>
	</size>
	<segmented>0</segmented>
	<object>
		<name>vivo</name>
		<pose>Unspecified</pose>
		<truncated>0</truncated>
		<difficult>0</difficult>
		<bndbox>
			<xmin>226</xmin>
			<ymin>74</ymin>
			<xmax>473</xmax>
			<ymax>150</ymax>
		</bndbox>
	</object>
	<object>
		<name>vivo</name>
		<pose>Unspecified</pose>
		<truncated>0</truncated>
		<difficult>0</difficult>
		<bndbox>
			<xmin>268</xmin>
			<ymin>283</ymin>
			<xmax>328</xmax>
			<ymax>302</ymax>
		</bndbox>
	</object>
	<object>
		<name>vivo</name>
		<pose>Unspecified</pose>
		<truncated>0</truncated>
		<difficult>0</difficult>
		<bndbox>
			<xmin>99</xmin>
			<ymin>396</ymin>
			<xmax>185</xmax>
			<ymax>423</ymax>
		</bndbox>
	</object>
</annotation>
