<annotation>
	<folder>t_vivo</folder>
	<filename>13.jpg</filename>
	<path>E:\LOGO_\LOGO\raw\t_vivo\13.jpg</path>
	<source>
		<database>Unknown</database>
	</source>
	<size>
		<width>1920</width>
		<height>1280</height>
		<depth>3</depth>
	</size>
	<segmented>0</segmented>
	<object>
		<name>vivo</name>
		<pose>Unspecified</pose>
		<truncated>0</truncated>
		<difficult>0</difficult>
		<bndbox>
			<xmin>750</xmin>
			<ymin>715</ymin>
			<xmax>1036</xmax>
			<ymax>805</ymax>
		</bndbox>
	</object>
</annotation>
