<annotation>
	<folder>t_vivo</folder>
	<filename>14.jpg</filename>
	<path>E:\LOGO_\LOGO\raw\t_vivo\14.jpg</path>
	<source>
		<database>Unknown</database>
	</source>
	<size>
		<width>1200</width>
		<height>628</height>
		<depth>3</depth>
	</size>
	<segmented>0</segmented>
	<object>
		<name>vivo</name>
		<pose>Unspecified</pose>
		<truncated>0</truncated>
		<difficult>0</difficult>
		<bndbox>
			<xmin>534</xmin>
			<ymin>456</ymin>
			<xmax>622</xmax>
			<ymax>483</ymax>
		</bndbox>
	</object>
</annotation>
