<annotation>
	<folder>t_vivo</folder>
	<filename>2.jpg</filename>
	<path>E:\LOGO_\LOGO\raw\t_vivo\2.jpg</path>
	<source>
		<database>Unknown</database>
	</source>
	<size>
		<width>800</width>
		<height>449</height>
		<depth>3</depth>
	</size>
	<segmented>0</segmented>
	<object>
		<name>vivo</name>
		<pose>Unspecified</pose>
		<truncated>0</truncated>
		<difficult>0</difficult>
		<bndbox>
			<xmin>452</xmin>
			<ymin>89</ymin>
			<xmax>526</xmax>
			<ymax>158</ymax>
		</bndbox>
	</object>
</annotation>
