<annotation>
	<folder>t_vivo</folder>
	<filename>3.jpg</filename>
	<path>E:\LOGO_\LOGO\raw\t_vivo\3.jpg</path>
	<source>
		<database>Unknown</database>
	</source>
	<size>
		<width>600</width>
		<height>449</height>
		<depth>3</depth>
	</size>
	<segmented>0</segmented>
	<object>
		<name>vivo</name>
		<pose>Unspecified</pose>
		<truncated>0</truncated>
		<difficult>0</difficult>
		<bndbox>
			<xmin>271</xmin>
			<ymin>235</ymin>
			<xmax>358</xmax>
			<ymax>267</ymax>
		</bndbox>
	</object>
</annotation>
