<annotation>
	<folder>t_vivo</folder>
	<filename>4.jpg</filename>
	<path>E:\LOGO_\LOGO\raw\t_vivo\4.jpg</path>
	<source>
		<database>Unknown</database>
	</source>
	<size>
		<width>1300</width>
		<height>849</height>
		<depth>3</depth>
	</size>
	<segmented>0</segmented>
	<object>
		<name>vivo</name>
		<pose>Unspecified</pose>
		<truncated>0</truncated>
		<difficult>0</difficult>
		<bndbox>
			<xmin>325</xmin>
			<ymin>39</ymin>
			<xmax>981</xmax>
			<ymax>242</ymax>
		</bndbox>
	</object>
	<object>
		<name>vivo</name>
		<pose>Unspecified</pose>
		<truncated>0</truncated>
		<difficult>0</difficult>
		<bndbox>
			<xmin>60</xmin>
			<ymin>371</ymin>
			<xmax>117</xmax>
			<ymax>400</ymax>
		</bndbox>
	</object>
	<object>
		<name>vivo</name>
		<pose>Unspecified</pose>
		<truncated>0</truncated>
		<difficult>0</difficult>
		<bndbox>
			<xmin>1086</xmin>
			<ymin>374</ymin>
			<xmax>1146</xmax>
			<ymax>400</ymax>
		</bndbox>
	</object>
</annotation>
