<annotation>
	<folder>t_vivo</folder>
	<filename>5.jpg</filename>
	<path>E:\LOGO_\LOGO\raw\t_vivo\5.jpg</path>
	<source>
		<database>Unknown</database>
	</source>
	<size>
		<width>1134</width>
		<height>850</height>
		<depth>3</depth>
	</size>
	<segmented>0</segmented>
	<object>
		<name>vivo</name>
		<pose>Unspecified</pose>
		<truncated>0</truncated>
		<difficult>0</difficult>
		<bndbox>
			<xmin>709</xmin>
			<ymin>187</ymin>
			<xmax>1100</xmax>
			<ymax>288</ymax>
		</bndbox>
	</object>
	<object>
		<name>vivo</name>
		<pose>Unspecified</pose>
		<truncated>0</truncated>
		<difficult>0</difficult>
		<bndbox>
			<xmin>44</xmin>
			<ymin>194</ymin>
			<xmax>106</xmax>
			<ymax>214</ymax>
		</bndbox>
	</object>
	<object>
		<name>vivo</name>
		<pose>Unspecified</pose>
		<truncated>0</truncated>
		<difficult>0</difficult>
		<bndbox>
			<xmin>159</xmin>
			<ymin>609</ymin>
			<xmax>339</xmax>
			<ymax>670</ymax>
		</bndbox>
	</object>
</annotation>
