<annotation>
	<folder>t_vivo</folder>
	<filename>6.jpg</filename>
	<path>E:\LOGO_\LOGO\raw\t_vivo\6.jpg</path>
	<source>
		<database>Unknown</database>
	</source>
	<size>
		<width>1000</width>
		<height>664</height>
		<depth>3</depth>
	</size>
	<segmented>0</segmented>
	<object>
		<name>vivo</name>
		<pose>Unspecified</pose>
		<truncated>0</truncated>
		<difficult>0</difficult>
		<bndbox>
			<xmin>388</xmin>
			<ymin>6</ymin>
			<xmax>592</xmax>
			<ymax>78</ymax>
		</bndbox>
	</object>
	<object>
		<name>vivo</name>
		<pose>Unspecified</pose>
		<truncated>0</truncated>
		<difficult>0</difficult>
		<bndbox>
			<xmin>648</xmin>
			<ymin>456</ymin>
			<xmax>695</xmax>
			<ymax>473</ymax>
		</bndbox>
	</object>
	<object>
		<name>vivo</name>
		<pose>Unspecified</pose>
		<truncated>0</truncated>
		<difficult>0</difficult>
		<bndbox>
			<xmin>823</xmin>
			<ymin>335</ymin>
			<xmax>878</xmax>
			<ymax>360</ymax>
		</bndbox>
	</object>
	<object>
		<name>vivo</name>
		<pose>Unspecified</pose>
		<truncated>0</truncated>
		<difficult>0</difficult>
		<bndbox>
			<xmin>458</xmin>
			<ymin>279</ymin>
			<xmax>524</xmax>
			<ymax>304</ymax>
		</bndbox>
	</object>
	<object>
		<name>vivo</name>
		<pose>Unspecified</pose>
		<truncated>0</truncated>
		<difficult>0</difficult>
		<bndbox>
			<xmin>587</xmin>
			<ymin>267</ymin>
			<xmax>619</xmax>
			<ymax>282</ymax>
		</bndbox>
	</object>
	<object>
		<name>vivo</name>
		<pose>Unspecified</pose>
		<truncated>0</truncated>
		<difficult>0</difficult>
		<bndbox>
			<xmin>206</xmin>
			<ymin>469</ymin>
			<xmax>318</xmax>
			<ymax>509</ymax>
		</bndbox>
	</object>
	<object>
		<name>vivo</name>
		<pose>Unspecified</pose>
		<truncated>0</truncated>
		<difficult>0</difficult>
		<bndbox>
			<xmin>54</xmin>
			<ymin>468</ymin>
			<xmax>161</xmax>
			<ymax>513</ymax>
		</bndbox>
	</object>
	<object>
		<name>vivo</name>
		<pose>Unspecified</pose>
		<truncated>0</truncated>
		<difficult>0</difficult>
		<bndbox>
			<xmin>186</xmin>
			<ymin>241</ymin>
			<xmax>227</xmax>
			<ymax>267</ymax>
		</bndbox>
	</object>
	<object>
		<name>vivo</name>
		<pose>Unspecified</pose>
		<truncated>0</truncated>
		<difficult>0</difficult>
		<bndbox>
			<xmin>935</xmin>
			<ymin>211</ymin>
			<xmax>959</xmax>
			<ymax>227</ymax>
		</bndbox>
	</object>
</annotation>
