<annotation>
	<folder>t_vivo</folder>
	<filename>7.jpg</filename>
	<path>E:\LOGO_\LOGO\raw\t_vivo\7.jpg</path>
	<source>
		<database>Unknown</database>
	</source>
	<size>
		<width>1280</width>
		<height>720</height>
		<depth>3</depth>
	</size>
	<segmented>0</segmented>
	<object>
		<name>vivo</name>
		<pose>Unspecified</pose>
		<truncated>0</truncated>
		<difficult>0</difficult>
		<bndbox>
			<xmin>54</xmin>
			<ymin>49</ymin>
			<xmax>195</xmax>
			<ymax>94</ymax>
		</bndbox>
	</object>
	<object>
		<name>vivo</name>
		<pose>Unspecified</pose>
		<truncated>0</truncated>
		<difficult>0</difficult>
		<bndbox>
			<xmin>826</xmin>
			<ymin>573</ymin>
			<xmax>866</xmax>
			<ymax>632</ymax>
		</bndbox>
	</object>
</annotation>
