<annotation>
	<folder>t_vivo</folder>
	<filename>8.jpg</filename>
	<path>E:\LOGO_\LOGO\raw\t_vivo\8.jpg</path>
	<source>
		<database>Unknown</database>
	</source>
	<size>
		<width>1280</width>
		<height>720</height>
		<depth>3</depth>
	</size>
	<segmented>0</segmented>
	<object>
		<name>vivo</name>
		<pose>Unspecified</pose>
		<truncated>0</truncated>
		<difficult>0</difficult>
		<bndbox>
			<xmin>118</xmin>
			<ymin>164</ymin>
			<xmax>482</xmax>
			<ymax>287</ymax>
		</bndbox>
	</object>
	<object>
		<name>vivo</name>
		<pose>Unspecified</pose>
		<truncated>0</truncated>
		<difficult>0</difficult>
		<bndbox>
			<xmin>841</xmin>
			<ymin>35</ymin>
			<xmax>989</xmax>
			<ymax>102</ymax>
		</bndbox>
	</object>
	<object>
		<name>vivo</name>
		<pose>Unspecified</pose>
		<truncated>0</truncated>
		<difficult>0</difficult>
		<bndbox>
			<xmin>677</xmin>
			<ymin>65</ymin>
			<xmax>770</xmax>
			<ymax>113</ymax>
		</bndbox>
	</object>
</annotation>
