<annotation>
	<folder>t_vivo</folder>
	<filename>9.jpg</filename>
	<path>E:\LOGO_\LOGO\raw\t_vivo\9.jpg</path>
	<source>
		<database>Unknown</database>
	</source>
	<size>
		<width>346</width>
		<height>500</height>
		<depth>3</depth>
	</size>
	<segmented>0</segmented>
	<object>
		<name>vivo</name>
		<pose>Unspecified</pose>
		<truncated>0</truncated>
		<difficult>0</difficult>
		<bndbox>
			<xmin>201</xmin>
			<ymin>147</ymin>
			<xmax>264</xmax>
			<ymax>171</ymax>
		</bndbox>
	</object>
</annotation>
