<annotation>
	<folder>t_tsingdao</folder>
	<filename>1.jpg</filename>
	<path>E:\LOGO_\LOGO\raw\t_tsingdao\1.jpg</path>
	<source>
		<database>Unknown</database>
	</source>
	<size>
		<width>810</width>
		<height>1080</height>
		<depth>3</depth>
	</size>
	<segmented>0</segmented>
	<object>
		<name>tsingdao</name>
		<pose>Unspecified</pose>
		<truncated>0</truncated>
		<difficult>0</difficult>
		<bndbox>
			<xmin>109</xmin>
			<ymin>327</ymin>
			<xmax>355</xmax>
			<ymax>602</ymax>
		</bndbox>
	</object>
	<object>
		<name>tsingdao</name>
		<pose>Unspecified</pose>
		<truncated>0</truncated>
		<difficult>0</difficult>
		<bndbox>
			<xmin>416</xmin>
			<ymin>404</ymin>
			<xmax>780</xmax>
			<ymax>786</ymax>
		</bndbox>
	</object>
</annotation>
