<annotation>
	<folder>t_tsingdao</folder>
	<filename>10.jpg</filename>
	<path>E:\LOGO_\LOGO\raw\t_tsingdao\10.jpg</path>
	<source>
		<database>Unknown</database>
	</source>
	<size>
		<width>1199</width>
		<height>1600</height>
		<depth>3</depth>
	</size>
	<segmented>0</segmented>
	<object>
		<name>tsingdao</name>
		<pose>Unspecified</pose>
		<truncated>0</truncated>
		<difficult>0</difficult>
		<bndbox>
			<xmin>218</xmin>
			<ymin>486</ymin>
			<xmax>879</xmax>
			<ymax>1063</ymax>
		</bndbox>
	</object>
</annotation>
