<annotation>
	<folder>t_tsingdao</folder>
	<filename>11.jpg</filename>
	<path>E:\LOGO_\LOGO\raw\t_tsingdao\11.jpg</path>
	<source>
		<database>Unknown</database>
	</source>
	<size>
		<width>800</width>
		<height>800</height>
		<depth>3</depth>
	</size>
	<segmented>0</segmented>
	<object>
		<name>tsingdao</name>
		<pose>Unspecified</pose>
		<truncated>0</truncated>
		<difficult>0</difficult>
		<bndbox>
			<xmin>62</xmin>
			<ymin>510</ymin>
			<xmax>148</xmax>
			<ymax>601</ymax>
		</bndbox>
	</object>
	<object>
		<name>tsingdao</name>
		<pose>Unspecified</pose>
		<truncated>0</truncated>
		<difficult>0</difficult>
		<bndbox>
			<xmin>191</xmin>
			<ymin>511</ymin>
			<xmax>270</xmax>
			<ymax>603</ymax>
		</bndbox>
	</object>
	<object>
		<name>tsingdao</name>
		<pose>Unspecified</pose>
		<truncated>0</truncated>
		<difficult>0</difficult>
		<bndbox>
			<xmin>106</xmin>
			<ymin>262</ymin>
			<xmax>411</xmax>
			<ymax>503</ymax>
		</bndbox>
	</object>
	<object>
		<name>tsingdao</name>
		<pose>Unspecified</pose>
		<truncated>0</truncated>
		<difficult>0</difficult>
		<bndbox>
			<xmin>599</xmin>
			<ymin>395</ymin>
			<xmax>695</xmax>
			<ymax>509</ymax>
		</bndbox>
	</object>
</annotation>
