<annotation>
	<folder>t_tsingdao</folder>
	<filename>12.jpg</filename>
	<path>E:\LOGO_\LOGO\raw\t_tsingdao\12.jpg</path>
	<source>
		<database>Unknown</database>
	</source>
	<size>
		<width>1000</width>
		<height>720</height>
		<depth>3</depth>
	</size>
	<segmented>0</segmented>
	<object>
		<name>tsingdao</name>
		<pose>Unspecified</pose>
		<truncated>0</truncated>
		<difficult>0</difficult>
		<bndbox>
			<xmin>613</xmin>
			<ymin>167</ymin>
			<xmax>857</xmax>
			<ymax>423</ymax>
		</bndbox>
	</object>
</annotation>
