<annotation>
	<folder>t_tsingdao</folder>
	<filename>2.jpg</filename>
	<path>E:\LOGO_\LOGO\raw\t_tsingdao\2.jpg</path>
	<source>
		<database>Unknown</database>
	</source>
	<size>
		<width>855</width>
		<height>570</height>
		<depth>3</depth>
	</size>
	<segmented>0</segmented>
	<object>
		<name>tsingdao</name>
		<pose>Unspecified</pose>
		<truncated>0</truncated>
		<difficult>0</difficult>
		<bndbox>
			<xmin>387</xmin>
			<ymin>30</ymin>
			<xmax>708</xmax>
			<ymax>355</ymax>
		</bndbox>
	</object>
</annotation>
