<annotation>
	<folder>t_tsingdao</folder>
	<filename>3.jpg</filename>
	<path>E:\LOGO_\LOGO\raw\t_tsingdao\3.jpg</path>
	<source>
		<database>Unknown</database>
	</source>
	<size>
		<width>1500</width>
		<height>1500</height>
		<depth>3</depth>
	</size>
	<segmented>0</segmented>
	<object>
		<name>tsingdao</name>
		<pose>Unspecified</pose>
		<truncated>0</truncated>
		<difficult>0</difficult>
		<bndbox>
			<xmin>614</xmin>
			<ymin>857</ymin>
			<xmax>904</xmax>
			<ymax>1165</ymax>
		</bndbox>
	</object>
	<object>
		<name>tsingdao</name>
		<pose>Unspecified</pose>
		<truncated>0</truncated>
		<difficult>0</difficult>
		<bndbox>
			<xmin>679</xmin>
			<ymin>345</ymin>
			<xmax>819</xmax>
			<ymax>445</ymax>
		</bndbox>
	</object>
</annotation>
