<annotation>
	<folder>t_tsingdao</folder>
	<filename>4.jpg</filename>
	<path>E:\LOGO_\LOGO\raw\t_tsingdao\4.jpg</path>
	<source>
		<database>Unknown</database>
	</source>
	<size>
		<width>560</width>
		<height>311</height>
		<depth>3</depth>
	</size>
	<segmented>0</segmented>
	<object>
		<name>tsingdao</name>
		<pose>Unspecified</pose>
		<truncated>0</truncated>
		<difficult>0</difficult>
		<bndbox>
			<xmin>174</xmin>
			<ymin>94</ymin>
			<xmax>253</xmax>
			<ymax>154</ymax>
		</bndbox>
	</object>
	<object>
		<name>tsingdao</name>
		<pose>Unspecified</pose>
		<truncated>0</truncated>
		<difficult>0</difficult>
		<bndbox>
			<xmin>302</xmin>
			<ymin>94</ymin>
			<xmax>384</xmax>
			<ymax>154</ymax>
		</bndbox>
	</object>
</annotation>
