<annotation>
	<folder>t_tsingdao</folder>
	<filename>6.jpg</filename>
	<path>E:\LOGO_\LOGO\raw\t_tsingdao\6.jpg</path>
	<source>
		<database>Unknown</database>
	</source>
	<size>
		<width>400</width>
		<height>600</height>
		<depth>3</depth>
	</size>
	<segmented>0</segmented>
	<object>
		<name>tsingdao</name>
		<pose>Unspecified</pose>
		<truncated>0</truncated>
		<difficult>0</difficult>
		<bndbox>
			<xmin>112</xmin>
			<ymin>189</ymin>
			<xmax>290</xmax>
			<ymax>314</ymax>
		</bndbox>
	</object>
</annotation>
