<annotation>
	<folder>t_tsingdao</folder>
	<filename>7.jpg</filename>
	<path>E:\LOGO_\LOGO\raw\t_tsingdao\7.jpg</path>
	<source>
		<database>Unknown</database>
	</source>
	<size>
		<width>624</width>
		<height>559</height>
		<depth>3</depth>
	</size>
	<segmented>0</segmented>
	<object>
		<name>tsingdao</name>
		<pose>Unspecified</pose>
		<truncated>0</truncated>
		<difficult>0</difficult>
		<bndbox>
			<xmin>384</xmin>
			<ymin>155</ymin>
			<xmax>620</xmax>
			<ymax>404</ymax>
		</bndbox>
	</object>
</annotation>
