<annotation>
	<folder>t_tsingdao</folder>
	<filename>8.jpg</filename>
	<path>E:\LOGO_\LOGO\raw\t_tsingdao\8.jpg</path>
	<source>
		<database>Unknown</database>
	</source>
	<size>
		<width>1200</width>
		<height>1059</height>
		<depth>3</depth>
	</size>
	<segmented>0</segmented>
	<object>
		<name>tsingdao</name>
		<pose>Unspecified</pose>
		<truncated>0</truncated>
		<difficult>0</difficult>
		<bndbox>
			<xmin>733</xmin>
			<ymin>440</ymin>
			<xmax>903</xmax>
			<ymax>592</ymax>
		</bndbox>
	</object>
	<object>
		<name>tsingdao</name>
		<pose>Unspecified</pose>
		<truncated>0</truncated>
		<difficult>0</difficult>
		<bndbox>
			<xmin>765</xmin>
			<ymin>141</ymin>
			<xmax>865</xmax>
			<ymax>187</ymax>
		</bndbox>
	</object>
</annotation>
