<annotation>
	<folder>t_tsingdao</folder>
	<filename>9.jpg</filename>
	<path>E:\LOGO_\LOGO\raw\t_tsingdao\9.jpg</path>
	<source>
		<database>Unknown</database>
	</source>
	<size>
		<width>640</width>
		<height>640</height>
		<depth>3</depth>
	</size>
	<segmented>0</segmented>
	<object>
		<name>tsingdao</name>
		<pose>Unspecified</pose>
		<truncated>0</truncated>
		<difficult>0</difficult>
		<bndbox>
			<xmin>217</xmin>
			<ymin>243</ymin>
			<xmax>465</xmax>
			<ymax>463</ymax>
		</bndbox>
	</object>
</annotation>
