<annotation>
	<folder>lenovo</folder>
	<filename>1.jpg</filename>
	<path>E:\LOGO_\LOGO\raw\lenovo\1.jpg</path>
	<source>
		<database>Unknown</database>
	</source>
	<size>
		<width>676</width>
		<height>516</height>
		<depth>3</depth>
	</size>
	<segmented>0</segmented>
	<object>
		<name>lenovo</name>
		<pose>Unspecified</pose>
		<truncated>0</truncated>
		<difficult>0</difficult>
		<bndbox>
			<xmin>32</xmin>
			<ymin>216</ymin>
			<xmax>621</xmax>
			<ymax>294</ymax>
		</bndbox>
	</object>
</annotation>
