<annotation>
	<folder>lenovo</folder>
	<filename>10.jpg</filename>
	<path>E:\LOGO_\LOGO\raw\lenovo\10.jpg</path>
	<source>
		<database>Unknown</database>
	</source>
	<size>
		<width>1024</width>
		<height>602</height>
		<depth>3</depth>
	</size>
	<segmented>0</segmented>
	<object>
		<name>lenovo</name>
		<pose>Unspecified</pose>
		<truncated>0</truncated>
		<difficult>0</difficult>
		<bndbox>
			<xmin>18</xmin>
			<ymin>19</ymin>
			<xmax>208</xmax>
			<ymax>51</ymax>
		</bndbox>
	</object>
	<object>
		<name>lenovo</name>
		<pose>Unspecified</pose>
		<truncated>0</truncated>
		<difficult>0</difficult>
		<bndbox>
			<xmin>202</xmin>
			<ymin>267</ymin>
			<xmax>274</xmax>
			<ymax>290</ymax>
		</bndbox>
	</object>
	<object>
		<name>lenovo</name>
		<pose>Unspecified</pose>
		<truncated>0</truncated>
		<difficult>0</difficult>
		<bndbox>
			<xmin>276</xmin>
			<ymin>438</ymin>
			<xmax>301</xmax>
			<ymax>495</ymax>
		</bndbox>
	</object>
</annotation>
