<annotation>
	<folder>lenovo</folder>
	<filename>11.jpg</filename>
	<path>E:\LOGO_\LOGO\raw\lenovo\11.jpg</path>
	<source>
		<database>Unknown</database>
	</source>
	<size>
		<width>1024</width>
		<height>768</height>
		<depth>3</depth>
	</size>
	<segmented>0</segmented>
	<object>
		<name>lenovo</name>
		<pose>Unspecified</pose>
		<truncated>0</truncated>
		<difficult>0</difficult>
		<bndbox>
			<xmin>271</xmin>
			<ymin>175</ymin>
			<xmax>607</xmax>
			<ymax>230</ymax>
		</bndbox>
	</object>
	<object>
		<name>lenovo</name>
		<pose>Unspecified</pose>
		<truncated>0</truncated>
		<difficult>0</difficult>
		<bndbox>
			<xmin>445</xmin>
			<ymin>364</ymin>
			<xmax>537</xmax>
			<ymax>389</ymax>
		</bndbox>
	</object>
</annotation>
