<annotation>
	<folder>lenovo</folder>
	<filename>12.jpg</filename>
	<path>E:\LOGO_\LOGO\raw\lenovo\12.jpg</path>
	<source>
		<database>Unknown</database>
	</source>
	<size>
		<width>1366</width>
		<height>768</height>
		<depth>3</depth>
	</size>
	<segmented>0</segmented>
	<object>
		<name>lenovo</name>
		<pose>Unspecified</pose>
		<truncated>0</truncated>
		<difficult>0</difficult>
		<bndbox>
			<xmin>492</xmin>
			<ymin>248</ymin>
			<xmax>1123</xmax>
			<ymax>403</ymax>
		</bndbox>
	</object>
</annotation>
