<annotation>
	<folder>lenovo</folder>
	<filename>13.jpg</filename>
	<path>E:\LOGO_\LOGO\raw\lenovo\13.jpg</path>
	<source>
		<database>Unknown</database>
	</source>
	<size>
		<width>546</width>
		<height>300</height>
		<depth>3</depth>
	</size>
	<segmented>0</segmented>
	<object>
		<name>lenovo</name>
		<pose>Unspecified</pose>
		<truncated>1</truncated>
		<difficult>0</difficult>
		<bndbox>
			<xmin>1</xmin>
			<ymin>46</ymin>
			<xmax>531</xmax>
			<ymax>254</ymax>
		</bndbox>
	</object>
</annotation>
