<annotation>
	<folder>lenovo</folder>
	<filename>14.jpg</filename>
	<path>E:\LOGO_\LOGO\raw\lenovo\14.jpg</path>
	<source>
		<database>Unknown</database>
	</source>
	<size>
		<width>500</width>
		<height>333</height>
		<depth>3</depth>
	</size>
	<segmented>0</segmented>
	<object>
		<name>lenovo</name>
		<pose>Unspecified</pose>
		<truncated>0</truncated>
		<difficult>0</difficult>
		<bndbox>
			<xmin>216</xmin>
			<ymin>243</ymin>
			<xmax>340</xmax>
			<ymax>295</ymax>
		</bndbox>
	</object>
	<object>
		<name>lenovo</name>
		<pose>Unspecified</pose>
		<truncated>0</truncated>
		<difficult>0</difficult>
		<bndbox>
			<xmin>363</xmin>
			<ymin>127</ymin>
			<xmax>402</xmax>
			<ymax>157</ymax>
		</bndbox>
	</object>
	<object>
		<name>lenovo</name>
		<pose>Unspecified</pose>
		<truncated>0</truncated>
		<difficult>0</difficult>
		<bndbox>
			<xmin>194</xmin>
			<ymin>49</ymin>
			<xmax>238</xmax>
			<ymax>64</ymax>
		</bndbox>
	</object>
</annotation>
