<annotation>
	<folder>lenovo</folder>
	<filename>2.jpg</filename>
	<path>E:\LOGO_\LOGO\raw\lenovo\2.jpg</path>
	<source>
		<database>Unknown</database>
	</source>
	<size>
		<width>1920</width>
		<height>1080</height>
		<depth>3</depth>
	</size>
	<segmented>0</segmented>
	<object>
		<name>lenovo</name>
		<pose>Unspecified</pose>
		<truncated>0</truncated>
		<difficult>0</difficult>
		<bndbox>
			<xmin>1168</xmin>
			<ymin>7</ymin>
			<xmax>1834</xmax>
			<ymax>695</ymax>
		</bndbox>
	</object>
</annotation>
