<annotation>
	<folder>lenovo</folder>
	<filename>3.jpg</filename>
	<path>E:\LOGO_\LOGO\raw\lenovo\3.jpg</path>
	<source>
		<database>Unknown</database>
	</source>
	<size>
		<width>500</width>
		<height>375</height>
		<depth>3</depth>
	</size>
	<segmented>0</segmented>
	<object>
		<name>lenovo</name>
		<pose>Unspecified</pose>
		<truncated>0</truncated>
		<difficult>0</difficult>
		<bndbox>
			<xmin>77</xmin>
			<ymin>192</ymin>
			<xmax>401</xmax>
			<ymax>296</ymax>
		</bndbox>
	</object>
</annotation>
