<annotation>
	<folder>lenovo</folder>
	<filename>4.jpg</filename>
	<path>E:\LOGO_\LOGO\raw\lenovo\4.jpg</path>
	<source>
		<database>Unknown</database>
	</source>
	<size>
		<width>800</width>
		<height>800</height>
		<depth>3</depth>
	</size>
	<segmented>0</segmented>
	<object>
		<name>lenovo</name>
		<pose>Unspecified</pose>
		<truncated>0</truncated>
		<difficult>0</difficult>
		<bndbox>
			<xmin>263</xmin>
			<ymin>371</ymin>
			<xmax>305</xmax>
			<ymax>396</ymax>
		</bndbox>
	</object>
	<object>
		<name>lenovo</name>
		<pose>Unspecified</pose>
		<truncated>0</truncated>
		<difficult>0</difficult>
		<bndbox>
			<xmin>6</xmin>
			<ymin>8</ymin>
			<xmax>153</xmax>
			<ymax>54</ymax>
		</bndbox>
	</object>
</annotation>
