<annotation>
	<folder>lenovo</folder>
	<filename>5.jpg</filename>
	<path>E:\LOGO_\LOGO\raw\lenovo\5.jpg</path>
	<source>
		<database>Unknown</database>
	</source>
	<size>
		<width>800</width>
		<height>600</height>
		<depth>3</depth>
	</size>
	<segmented>0</segmented>
	<object>
		<name>lenovo</name>
		<pose>Unspecified</pose>
		<truncated>0</truncated>
		<difficult>0</difficult>
		<bndbox>
			<xmin>600</xmin>
			<ymin>41</ymin>
			<xmax>649</xmax>
			<ymax>62</ymax>
		</bndbox>
	</object>
	<object>
		<name>lenovo</name>
		<pose>Unspecified</pose>
		<truncated>0</truncated>
		<difficult>0</difficult>
		<bndbox>
			<xmin>249</xmin>
			<ymin>400</ymin>
			<xmax>289</xmax>
			<ymax>417</ymax>
		</bndbox>
	</object>
</annotation>
