<annotation>
	<folder>lenovo</folder>
	<filename>6.jpg</filename>
	<path>E:\LOGO_\LOGO\raw\lenovo\6.jpg</path>
	<source>
		<database>Unknown</database>
	</source>
	<size>
		<width>800</width>
		<height>800</height>
		<depth>3</depth>
	</size>
	<segmented>0</segmented>
	<object>
		<name>lenovo</name>
		<pose>Unspecified</pose>
		<truncated>0</truncated>
		<difficult>0</difficult>
		<bndbox>
			<xmin>260</xmin>
			<ymin>136</ymin>
			<xmax>373</xmax>
			<ymax>182</ymax>
		</bndbox>
	</object>
</annotation>
