<annotation>
	<folder>lenovo</folder>
	<filename>7.jpg</filename>
	<path>E:\LOGO_\LOGO\raw\lenovo\7.jpg</path>
	<source>
		<database>Unknown</database>
	</source>
	<size>
		<width>700</width>
		<height>467</height>
		<depth>3</depth>
	</size>
	<segmented>0</segmented>
	<object>
		<name>lenovo</name>
		<pose>Unspecified</pose>
		<truncated>0</truncated>
		<difficult>0</difficult>
		<bndbox>
			<xmin>201</xmin>
			<ymin>287</ymin>
			<xmax>230</xmax>
			<ymax>326</ymax>
		</bndbox>
	</object>
</annotation>
