<annotation>
	<folder>lenovo</folder>
	<filename>8.jpg</filename>
	<path>E:\LOGO_\LOGO\raw\lenovo\8.jpg</path>
	<source>
		<database>Unknown</database>
	</source>
	<size>
		<width>600</width>
		<height>396</height>
		<depth>3</depth>
	</size>
	<segmented>0</segmented>
	<object>
		<name>lenovo</name>
		<pose>Unspecified</pose>
		<truncated>0</truncated>
		<difficult>0</difficult>
		<bndbox>
			<xmin>286</xmin>
			<ymin>185</ymin>
			<xmax>424</xmax>
			<ymax>273</ymax>
		</bndbox>
	</object>
</annotation>
