<annotation>
	<folder>lenovo</folder>
	<filename>9.jpg</filename>
	<path>E:\LOGO_\LOGO\raw\lenovo\9.jpg</path>
	<source>
		<database>Unknown</database>
	</source>
	<size>
		<width>1600</width>
		<height>1066</height>
		<depth>3</depth>
	</size>
	<segmented>0</segmented>
	<object>
		<name>lenovo</name>
		<pose>Unspecified</pose>
		<truncated>0</truncated>
		<difficult>0</difficult>
		<bndbox>
			<xmin>1324</xmin>
			<ymin>556</ymin>
			<xmax>1360</xmax>
			<ymax>667</ymax>
		</bndbox>
	</object>
</annotation>
