<annotation>
	<folder>t_tcl</folder>
	<filename>1.jpg</filename>
	<path>E:\LOGO_\LOGO\raw\t_tcl\1.jpg</path>
	<source>
		<database>Unknown</database>
	</source>
	<size>
		<width>473</width>
		<height>356</height>
		<depth>3</depth>
	</size>
	<segmented>0</segmented>
	<object>
		<name>tcl</name>
		<pose>Unspecified</pose>
		<truncated>1</truncated>
		<difficult>0</difficult>
		<bndbox>
			<xmin>77</xmin>
			<ymin>1</ymin>
			<xmax>378</xmax>
			<ymax>322</ymax>
		</bndbox>
	</object>
	<object>
		<name>tcl</name>
		<pose>Unspecified</pose>
		<truncated>1</truncated>
		<difficult>0</difficult>
		<bndbox>
			<xmin>113</xmin>
			<ymin>335</ymin>
			<xmax>149</xmax>
			<ymax>356</ymax>
		</bndbox>
	</object>
</annotation>
