<annotation>
	<folder>t_tcl</folder>
	<filename>10.jpg</filename>
	<path>E:\LOGO_\LOGO\raw\t_tcl\10.jpg</path>
	<source>
		<database>Unknown</database>
	</source>
	<size>
		<width>981</width>
		<height>1200</height>
		<depth>3</depth>
	</size>
	<segmented>0</segmented>
	<object>
		<name>tcl</name>
		<pose>Unspecified</pose>
		<truncated>0</truncated>
		<difficult>0</difficult>
		<bndbox>
			<xmin>109</xmin>
			<ymin>859</ymin>
			<xmax>345</xmax>
			<ymax>1082</ymax>
		</bndbox>
	</object>
</annotation>
