<annotation>
	<folder>t_tcl</folder>
	<filename>11.jpg</filename>
	<path>E:\LOGO_\LOGO\raw\t_tcl\11.jpg</path>
	<source>
		<database>Unknown</database>
	</source>
	<size>
		<width>834</width>
		<height>448</height>
		<depth>3</depth>
	</size>
	<segmented>0</segmented>
	<object>
		<name>tcl</name>
		<pose>Unspecified</pose>
		<truncated>0</truncated>
		<difficult>0</difficult>
		<bndbox>
			<xmin>277</xmin>
			<ymin>100</ymin>
			<xmax>460</xmax>
			<ymax>181</ymax>
		</bndbox>
	</object>
	<object>
		<name>tcl</name>
		<pose>Unspecified</pose>
		<truncated>0</truncated>
		<difficult>0</difficult>
		<bndbox>
			<xmin>696</xmin>
			<ymin>161</ymin>
			<xmax>745</xmax>
			<ymax>233</ymax>
		</bndbox>
	</object>
</annotation>
