<annotation>
	<folder>t_tcl</folder>
	<filename>2.jpg</filename>
	<path>E:\LOGO_\LOGO\raw\t_tcl\2.jpg</path>
	<source>
		<database>Unknown</database>
	</source>
	<size>
		<width>1200</width>
		<height>675</height>
		<depth>3</depth>
	</size>
	<segmented>0</segmented>
	<object>
		<name>tcl</name>
		<pose>Unspecified</pose>
		<truncated>0</truncated>
		<difficult>0</difficult>
		<bndbox>
			<xmin>335</xmin>
			<ymin>72</ymin>
			<xmax>399</xmax>
			<ymax>114</ymax>
		</bndbox>
	</object>
	<object>
		<name>tcl</name>
		<pose>Unspecified</pose>
		<truncated>0</truncated>
		<difficult>0</difficult>
		<bndbox>
			<xmin>329</xmin>
			<ymin>175</ymin>
			<xmax>362</xmax>
			<ymax>195</ymax>
		</bndbox>
	</object>
	<object>
		<name>tcl</name>
		<pose>Unspecified</pose>
		<truncated>0</truncated>
		<difficult>0</difficult>
		<bndbox>
			<xmin>204</xmin>
			<ymin>309</ymin>
			<xmax>292</xmax>
			<ymax>383</ymax>
		</bndbox>
	</object>
	<object>
		<name>tcl</name>
		<pose>Unspecified</pose>
		<truncated>0</truncated>
		<difficult>0</difficult>
		<bndbox>
			<xmin>197</xmin>
			<ymin>71</ymin>
			<xmax>292</xmax>
			<ymax>147</ymax>
		</bndbox>
	</object>
	<object>
		<name>tcl</name>
		<pose>Unspecified</pose>
		<truncated>0</truncated>
		<difficult>0</difficult>
		<bndbox>
			<xmin>922</xmin>
			<ymin>355</ymin>
			<xmax>1147</xmax>
			<ymax>495</ymax>
		</bndbox>
	</object>
</annotation>
