<annotation>
	<folder>t_tcl</folder>
	<filename>3.jpg</filename>
	<path>E:\LOGO_\LOGO\raw\t_tcl\3.jpg</path>
	<source>
		<database>Unknown</database>
	</source>
	<size>
		<width>750</width>
		<height>750</height>
		<depth>3</depth>
	</size>
	<segmented>0</segmented>
	<object>
		<name>tcl</name>
		<pose>Unspecified</pose>
		<truncated>0</truncated>
		<difficult>0</difficult>
		<bndbox>
			<xmin>399</xmin>
			<ymin>464</ymin>
			<xmax>520</xmax>
			<ymax>557</ymax>
		</bndbox>
	</object>
</annotation>
