<annotation>
	<folder>t_tcl</folder>
	<filename>4.jpg</filename>
	<path>E:\LOGO_\LOGO\raw\t_tcl\4.jpg</path>
	<source>
		<database>Unknown</database>
	</source>
	<size>
		<width>750</width>
		<height>1001</height>
		<depth>3</depth>
	</size>
	<segmented>0</segmented>
	<object>
		<name>tcl</name>
		<pose>Unspecified</pose>
		<truncated>0</truncated>
		<difficult>0</difficult>
		<bndbox>
			<xmin>189</xmin>
			<ymin>430</ymin>
			<xmax>360</xmax>
			<ymax>650</ymax>
		</bndbox>
	</object>
</annotation>
