<annotation>
	<folder>t_tcl</folder>
	<filename>5.jpg</filename>
	<path>E:\LOGO_\LOGO\raw\t_tcl\5.jpg</path>
	<source>
		<database>Unknown</database>
	</source>
	<size>
		<width>750</width>
		<height>1000</height>
		<depth>3</depth>
	</size>
	<segmented>0</segmented>
	<object>
		<name>tcl</name>
		<pose>Unspecified</pose>
		<truncated>1</truncated>
		<difficult>0</difficult>
		<bndbox>
			<xmin>566</xmin>
			<ymin>244</ymin>
			<xmax>750</xmax>
			<ymax>356</ymax>
		</bndbox>
	</object>
</annotation>
