<annotation>
	<folder>t_tcl</folder>
	<filename>6.jpg</filename>
	<path>E:\LOGO_\LOGO\raw\t_tcl\6.jpg</path>
	<source>
		<database>Unknown</database>
	</source>
	<size>
		<width>1280</width>
		<height>720</height>
		<depth>3</depth>
	</size>
	<segmented>0</segmented>
	<object>
		<name>tcl</name>
		<pose>Unspecified</pose>
		<truncated>0</truncated>
		<difficult>0</difficult>
		<bndbox>
			<xmin>799</xmin>
			<ymin>225</ymin>
			<xmax>975</xmax>
			<ymax>308</ymax>
		</bndbox>
	</object>
	<object>
		<name>tcl</name>
		<pose>Unspecified</pose>
		<truncated>0</truncated>
		<difficult>0</difficult>
		<bndbox>
			<xmin>279</xmin>
			<ymin>421</ymin>
			<xmax>334</xmax>
			<ymax>473</ymax>
		</bndbox>
	</object>
	<object>
		<name>tcl</name>
		<pose>Unspecified</pose>
		<truncated>0</truncated>
		<difficult>0</difficult>
		<bndbox>
			<xmin>4</xmin>
			<ymin>426</ymin>
			<xmax>141</xmax>
			<ymax>514</ymax>
		</bndbox>
	</object>
	<object>
		<name>tcl</name>
		<pose>Unspecified</pose>
		<truncated>0</truncated>
		<difficult>0</difficult>
		<bndbox>
			<xmin>358</xmin>
			<ymin>568</ymin>
			<xmax>470</xmax>
			<ymax>642</ymax>
		</bndbox>
	</object>
	<object>
		<name>tcl</name>
		<pose>Unspecified</pose>
		<truncated>0</truncated>
		<difficult>0</difficult>
		<bndbox>
			<xmin>541</xmin>
			<ymin>442</ymin>
			<xmax>689</xmax>
			<ymax>523</ymax>
		</bndbox>
	</object>
	<object>
		<name>tcl</name>
		<pose>Unspecified</pose>
		<truncated>0</truncated>
		<difficult>0</difficult>
		<bndbox>
			<xmin>593</xmin>
			<ymin>583</ymin>
			<xmax>693</xmax>
			<ymax>623</ymax>
		</bndbox>
	</object>
</annotation>
