<annotation>
	<folder>t_tcl</folder>
	<filename>7.jpg</filename>
	<path>E:\LOGO_\LOGO\raw\t_tcl\7.jpg</path>
	<source>
		<database>Unknown</database>
	</source>
	<size>
		<width>740</width>
		<height>416</height>
		<depth>3</depth>
	</size>
	<segmented>0</segmented>
	<object>
		<name>tcl</name>
		<pose>Unspecified</pose>
		<truncated>0</truncated>
		<difficult>0</difficult>
		<bndbox>
			<xmin>325</xmin>
			<ymin>134</ymin>
			<xmax>432</xmax>
			<ymax>196</ymax>
		</bndbox>
	</object>
</annotation>
