<annotation>
	<folder>t_tcl</folder>
	<filename>8.jpg</filename>
	<path>E:\LOGO_\LOGO\raw\t_tcl\8.jpg</path>
	<source>
		<database>Unknown</database>
	</source>
	<size>
		<width>3264</width>
		<height>2448</height>
		<depth>3</depth>
	</size>
	<segmented>0</segmented>
	<object>
		<name>tcl</name>
		<pose>Unspecified</pose>
		<truncated>0</truncated>
		<difficult>0</difficult>
		<bndbox>
			<xmin>1827</xmin>
			<ymin>524</ymin>
			<xmax>2740</xmax>
			<ymax>1032</ymax>
		</bndbox>
	</object>
</annotation>
