<annotation>
	<folder>t_tcl</folder>
	<filename>9.jpg</filename>
	<path>E:\LOGO_\LOGO\raw\t_tcl\9.jpg</path>
	<source>
		<database>Unknown</database>
	</source>
	<size>
		<width>1920</width>
		<height>1080</height>
		<depth>3</depth>
	</size>
	<segmented>0</segmented>
	<object>
		<name>tcl</name>
		<pose>Unspecified</pose>
		<truncated>0</truncated>
		<difficult>0</difficult>
		<bndbox>
			<xmin>643</xmin>
			<ymin>401</ymin>
			<xmax>1266</xmax>
			<ymax>622</ymax>
		</bndbox>
	</object>
</annotation>
