<annotation>
	<folder>t_toyota</folder>
	<filename>1.jpg</filename>
	<path>E:\LOGO_\LOGO\raw\t_toyota\1.jpg</path>
	<source>
		<database>Unknown</database>
	</source>
	<size>
		<width>1300</width>
		<height>866</height>
		<depth>3</depth>
	</size>
	<segmented>0</segmented>
	<object>
		<name>toyota</name>
		<pose>Unspecified</pose>
		<truncated>0</truncated>
		<difficult>0</difficult>
		<bndbox>
			<xmin>223</xmin>
			<ymin>164</ymin>
			<xmax>800</xmax>
			<ymax>310</ymax>
		</bndbox>
	</object>
	<object>
		<name>toyota</name>
		<pose>Unspecified</pose>
		<truncated>0</truncated>
		<difficult>0</difficult>
		<bndbox>
			<xmin>628</xmin>
			<ymin>537</ymin>
			<xmax>694</xmax>
			<ymax>576</ymax>
		</bndbox>
	</object>
</annotation>
