<annotation>
	<folder>t_toyota</folder>
	<filename>10.jpg</filename>
	<path>E:\LOGO_\LOGO\raw\t_toyota\10.jpg</path>
	<source>
		<database>Unknown</database>
	</source>
	<size>
		<width>667</width>
		<height>500</height>
		<depth>3</depth>
	</size>
	<segmented>0</segmented>
	<object>
		<name>toyota</name>
		<pose>Unspecified</pose>
		<truncated>0</truncated>
		<difficult>0</difficult>
		<bndbox>
			<xmin>81</xmin>
			<ymin>48</ymin>
			<xmax>588</xmax>
			<ymax>374</ymax>
		</bndbox>
	</object>
</annotation>
