<annotation>
	<folder>t_toyota</folder>
	<filename>2.png</filename>
	<path>E:\LOGO_\LOGO\raw\t_toyota\2.png</path>
	<source>
		<database>Unknown</database>
	</source>
	<size>
		<width>337</width>
		<height>149</height>
		<depth>3</depth>
	</size>
	<segmented>0</segmented>
	<object>
		<name>toyota</name>
		<pose>Unspecified</pose>
		<truncated>0</truncated>
		<difficult>0</difficult>
		<bndbox>
			<xmin>19</xmin>
			<ymin>22</ymin>
			<xmax>317</xmax>
			<ymax>78</ymax>
		</bndbox>
	</object>
</annotation>
