<annotation>
	<folder>t_toyota</folder>
	<filename>3.jpeg</filename>
	<path>E:\LOGO_\LOGO\raw\t_toyota\3.jpeg</path>
	<source>
		<database>Unknown</database>
	</source>
	<size>
		<width>638</width>
		<height>260</height>
		<depth>3</depth>
	</size>
	<segmented>0</segmented>
	<object>
		<name>toyota</name>
		<pose>Unspecified</pose>
		<truncated>0</truncated>
		<difficult>0</difficult>
		<bndbox>
			<xmin>291</xmin>
			<ymin>43</ymin>
			<xmax>395</xmax>
			<ymax>71</ymax>
		</bndbox>
	</object>
	<object>
		<name>toyota</name>
		<pose>Unspecified</pose>
		<truncated>0</truncated>
		<difficult>0</difficult>
		<bndbox>
			<xmin>173</xmin>
			<ymin>187</ymin>
			<xmax>184</xmax>
			<ymax>197</ymax>
		</bndbox>
	</object>
</annotation>
