<annotation>
	<folder>t_toyota</folder>
	<filename>4.jpg</filename>
	<path>E:\LOGO_\LOGO\raw\t_toyota\4.jpg</path>
	<source>
		<database>Unknown</database>
	</source>
	<size>
		<width>300</width>
		<height>284</height>
		<depth>3</depth>
	</size>
	<segmented>0</segmented>
	<object>
		<name>toyota</name>
		<pose>Unspecified</pose>
		<truncated>0</truncated>
		<difficult>0</difficult>
		<bndbox>
			<xmin>27</xmin>
			<ymin>89</ymin>
			<xmax>271</xmax>
			<ymax>260</ymax>
		</bndbox>
	</object>
</annotation>
