<annotation>
	<folder>t_toyota</folder>
	<filename>5.jpg</filename>
	<path>E:\LOGO_\LOGO\raw\t_toyota\5.jpg</path>
	<source>
		<database>Unknown</database>
	</source>
	<size>
		<width>500</width>
		<height>375</height>
		<depth>3</depth>
	</size>
	<segmented>0</segmented>
	<object>
		<name>toyota</name>
		<pose>Unspecified</pose>
		<truncated>0</truncated>
		<difficult>0</difficult>
		<bndbox>
			<xmin>261</xmin>
			<ymin>26</ymin>
			<xmax>462</xmax>
			<ymax>139</ymax>
		</bndbox>
	</object>
	<object>
		<name>toyota</name>
		<pose>Unspecified</pose>
		<truncated>0</truncated>
		<difficult>0</difficult>
		<bndbox>
			<xmin>71</xmin>
			<ymin>149</ymin>
			<xmax>281</xmax>
			<ymax>191</ymax>
		</bndbox>
	</object>
</annotation>
