<annotation>
	<folder>t_toyota</folder>
	<filename>6.jpg</filename>
	<path>E:\LOGO_\LOGO\raw\t_toyota\6.jpg</path>
	<source>
		<database>Unknown</database>
	</source>
	<size>
		<width>1440</width>
		<height>900</height>
		<depth>3</depth>
	</size>
	<segmented>0</segmented>
	<object>
		<name>toyota</name>
		<pose>Unspecified</pose>
		<truncated>0</truncated>
		<difficult>0</difficult>
		<bndbox>
			<xmin>393</xmin>
			<ymin>191</ymin>
			<xmax>955</xmax>
			<ymax>320</ymax>
		</bndbox>
	</object>
	<object>
		<name>toyota</name>
		<pose>Unspecified</pose>
		<truncated>0</truncated>
		<difficult>0</difficult>
		<bndbox>
			<xmin>628</xmin>
			<ymin>423</ymin>
			<xmax>758</xmax>
			<ymax>517</ymax>
		</bndbox>
	</object>
</annotation>
