<annotation>
	<folder>t_toyota</folder>
	<filename>7.jpg</filename>
	<path>E:\LOGO_\LOGO\raw\t_toyota\7.jpg</path>
	<source>
		<database>Unknown</database>
	</source>
	<size>
		<width>1200</width>
		<height>675</height>
		<depth>3</depth>
	</size>
	<segmented>0</segmented>
	<object>
		<name>toyota</name>
		<pose>Unspecified</pose>
		<truncated>0</truncated>
		<difficult>0</difficult>
		<bndbox>
			<xmin>45</xmin>
			<ymin>11</ymin>
			<xmax>494</xmax>
			<ymax>116</ymax>
		</bndbox>
	</object>
</annotation>
