<annotation>
	<folder>t_toyota</folder>
	<filename>8.jpg</filename>
	<path>E:\LOGO_\LOGO\raw\t_toyota\8.jpg</path>
	<source>
		<database>Unknown</database>
	</source>
	<size>
		<width>293</width>
		<height>300</height>
		<depth>3</depth>
	</size>
	<segmented>0</segmented>
	<object>
		<name>toyota</name>
		<pose>Unspecified</pose>
		<truncated>0</truncated>
		<difficult>0</difficult>
		<bndbox>
			<xmin>46</xmin>
			<ymin>57</ymin>
			<xmax>242</xmax>
			<ymax>216</ymax>
		</bndbox>
	</object>
</annotation>
