<annotation>
	<folder>t_toyota</folder>
	<filename>9.jpg</filename>
	<path>E:\LOGO_\LOGO\raw\t_toyota\9.jpg</path>
	<source>
		<database>Unknown</database>
	</source>
	<size>
		<width>640</width>
		<height>480</height>
		<depth>3</depth>
	</size>
	<segmented>0</segmented>
	<object>
		<name>toyota</name>
		<pose>Unspecified</pose>
		<truncated>0</truncated>
		<difficult>0</difficult>
		<bndbox>
			<xmin>9</xmin>
			<ymin>20</ymin>
			<xmax>620</xmax>
			<ymax>437</ymax>
		</bndbox>
	</object>
</annotation>
