<annotation>
	<folder>baidu</folder>
	<filename>1.jpg</filename>
	<path>E:\LOGO_\LOGO\raw\baidu\1.jpg</path>
	<source>
		<database>Unknown</database>
	</source>
	<size>
		<width>290</width>
		<height>174</height>
		<depth>3</depth>
	</size>
	<segmented>0</segmented>
	<object>
		<name>baidu</name>
		<pose>Unspecified</pose>
		<truncated>0</truncated>
		<difficult>0</difficult>
		<bndbox>
			<xmin>5</xmin>
			<ymin>6</ymin>
			<xmax>285</xmax>
			<ymax>151</ymax>
		</bndbox>
	</object>
</annotation>
