<annotation>
	<folder>baidu</folder>
	<filename>10.jpg</filename>
	<path>E:\LOGO_\LOGO\raw\baidu\10.jpg</path>
	<source>
		<database>Unknown</database>
	</source>
	<size>
		<width>356</width>
		<height>360</height>
		<depth>3</depth>
	</size>
	<segmented>0</segmented>
	<object>
		<name>baidu</name>
		<pose>Unspecified</pose>
		<truncated>0</truncated>
		<difficult>0</difficult>
		<bndbox>
			<xmin>79</xmin>
			<ymin>242</ymin>
			<xmax>275</xmax>
			<ymax>311</ymax>
		</bndbox>
	</object>
</annotation>
