<annotation>
	<folder>baidu</folder>
	<filename>11.jpg</filename>
	<path>E:\LOGO_\LOGO\raw\baidu\11.jpg</path>
	<source>
		<database>Unknown</database>
	</source>
	<size>
		<width>642</width>
		<height>563</height>
		<depth>3</depth>
	</size>
	<segmented>0</segmented>
	<object>
		<name>baidu</name>
		<pose>Unspecified</pose>
		<truncated>1</truncated>
		<difficult>0</difficult>
		<bndbox>
			<xmin>84</xmin>
			<ymin>53</ymin>
			<xmax>642</xmax>
			<ymax>297</ymax>
		</bndbox>
	</object>
</annotation>
