<annotation>
	<folder>baidu</folder>
	<filename>12.jpg</filename>
	<path>E:\LOGO_\LOGO\raw\baidu\12.jpg</path>
	<source>
		<database>Unknown</database>
	</source>
	<size>
		<width>532</width>
		<height>354</height>
		<depth>3</depth>
	</size>
	<segmented>0</segmented>
	<object>
		<name>baidu</name>
		<pose>Unspecified</pose>
		<truncated>0</truncated>
		<difficult>0</difficult>
		<bndbox>
			<xmin>56</xmin>
			<ymin>75</ymin>
			<xmax>509</xmax>
			<ymax>230</ymax>
		</bndbox>
	</object>
</annotation>
