<annotation>
	<folder>baidu</folder>
	<filename>13.jpg</filename>
	<path>E:\LOGO_\LOGO\raw\baidu\13.jpg</path>
	<source>
		<database>Unknown</database>
	</source>
	<size>
		<width>802</width>
		<height>289</height>
		<depth>3</depth>
	</size>
	<segmented>0</segmented>
	<object>
		<name>baidu</name>
		<pose>Unspecified</pose>
		<truncated>0</truncated>
		<difficult>0</difficult>
		<bndbox>
			<xmin>376</xmin>
			<ymin>21</ymin>
			<xmax>760</xmax>
			<ymax>148</ymax>
		</bndbox>
	</object>
</annotation>
