<annotation>
	<folder>baidu</folder>
	<filename>14.jpg</filename>
	<path>E:\LOGO_\LOGO\raw\baidu\14.jpg</path>
	<source>
		<database>Unknown</database>
	</source>
	<size>
		<width>491</width>
		<height>352</height>
		<depth>3</depth>
	</size>
	<segmented>0</segmented>
	<object>
		<name>baidu</name>
		<pose>Unspecified</pose>
		<truncated>0</truncated>
		<difficult>0</difficult>
		<bndbox>
			<xmin>263</xmin>
			<ymin>61</ymin>
			<xmax>454</xmax>
			<ymax>139</ymax>
		</bndbox>
	</object>
</annotation>
