<annotation>
	<folder>baidu</folder>
	<filename>15.jpg</filename>
	<path>E:\LOGO_\LOGO\raw\baidu\15.jpg</path>
	<source>
		<database>Unknown</database>
	</source>
	<size>
		<width>601</width>
		<height>350</height>
		<depth>3</depth>
	</size>
	<segmented>0</segmented>
	<object>
		<name>baidu</name>
		<pose>Unspecified</pose>
		<truncated>0</truncated>
		<difficult>0</difficult>
		<bndbox>
			<xmin>160</xmin>
			<ymin>30</ymin>
			<xmax>443</xmax>
			<ymax>129</ymax>
		</bndbox>
	</object>
	<object>
		<name>baidu</name>
		<pose>Unspecified</pose>
		<truncated>0</truncated>
		<difficult>0</difficult>
		<bndbox>
			<xmin>158</xmin>
			<ymin>217</ymin>
			<xmax>443</xmax>
			<ymax>321</ymax>
		</bndbox>
	</object>
</annotation>
