<annotation>
	<folder>baidu</folder>
	<filename>16.jpg</filename>
	<path>E:\LOGO_\LOGO\raw\baidu\16.jpg</path>
	<source>
		<database>Unknown</database>
	</source>
	<size>
		<width>506</width>
		<height>355</height>
		<depth>3</depth>
	</size>
	<segmented>0</segmented>
	<object>
		<name>baidu</name>
		<pose>Unspecified</pose>
		<truncated>0</truncated>
		<difficult>0</difficult>
		<bndbox>
			<xmin>47</xmin>
			<ymin>75</ymin>
			<xmax>447</xmax>
			<ymax>210</ymax>
		</bndbox>
	</object>
</annotation>
