<annotation>
	<folder>baidu</folder>
	<filename>2.jpg</filename>
	<path>E:\LOGO_\LOGO\raw\baidu\2.jpg</path>
	<source>
		<database>Unknown</database>
	</source>
	<size>
		<width>692</width>
		<height>492</height>
		<depth>3</depth>
	</size>
	<segmented>0</segmented>
	<object>
		<name>baidu</name>
		<pose>Unspecified</pose>
		<truncated>0</truncated>
		<difficult>0</difficult>
		<bndbox>
			<xmin>361</xmin>
			<ymin>163</ymin>
			<xmax>664</xmax>
			<ymax>292</ymax>
		</bndbox>
	</object>
</annotation>
