<annotation>
	<folder>baidu</folder>
	<filename>3.jpg</filename>
	<path>E:\LOGO_\LOGO\raw\baidu\3.jpg</path>
	<source>
		<database>Unknown</database>
	</source>
	<size>
		<width>388</width>
		<height>385</height>
		<depth>3</depth>
	</size>
	<segmented>0</segmented>
	<object>
		<name>baidu</name>
		<pose>Unspecified</pose>
		<truncated>0</truncated>
		<difficult>0</difficult>
		<bndbox>
			<xmin>14</xmin>
			<ymin>207</ymin>
			<xmax>383</xmax>
			<ymax>328</ymax>
		</bndbox>
	</object>
</annotation>
