<annotation>
	<folder>baidu</folder>
	<filename>4.jpg</filename>
	<path>E:\LOGO_\LOGO\raw\baidu\4.jpg</path>
	<source>
		<database>Unknown</database>
	</source>
	<size>
		<width>502</width>
		<height>327</height>
		<depth>3</depth>
	</size>
	<segmented>0</segmented>
	<object>
		<name>baidu</name>
		<pose>Unspecified</pose>
		<truncated>0</truncated>
		<difficult>0</difficult>
		<bndbox>
			<xmin>130</xmin>
			<ymin>40</ymin>
			<xmax>486</xmax>
			<ymax>220</ymax>
		</bndbox>
	</object>
</annotation>
