<annotation>
	<folder>baidu</folder>
	<filename>5.jpg</filename>
	<path>E:\LOGO_\LOGO\raw\baidu\5.jpg</path>
	<source>
		<database>Unknown</database>
	</source>
	<size>
		<width>626</width>
		<height>352</height>
		<depth>3</depth>
	</size>
	<segmented>0</segmented>
	<object>
		<name>baidu</name>
		<pose>Unspecified</pose>
		<truncated>0</truncated>
		<difficult>0</difficult>
		<bndbox>
			<xmin>39</xmin>
			<ymin>75</ymin>
			<xmax>590</xmax>
			<ymax>252</ymax>
		</bndbox>
	</object>
</annotation>
