<annotation>
	<folder>baidu</folder>
	<filename>6.jpg</filename>
	<path>E:\LOGO_\LOGO\raw\baidu\6.jpg</path>
	<source>
		<database>Unknown</database>
	</source>
	<size>
		<width>556</width>
		<height>268</height>
		<depth>3</depth>
	</size>
	<segmented>0</segmented>
	<object>
		<name>baidu</name>
		<pose>Unspecified</pose>
		<truncated>0</truncated>
		<difficult>0</difficult>
		<bndbox>
			<xmin>359</xmin>
			<ymin>122</ymin>
			<xmax>539</xmax>
			<ymax>183</ymax>
		</bndbox>
	</object>
	<object>
		<name>baidu</name>
		<pose>Unspecified</pose>
		<truncated>1</truncated>
		<difficult>0</difficult>
		<bndbox>
			<xmin>333</xmin>
			<ymin>10</ymin>
			<xmax>555</xmax>
			<ymax>268</ymax>
		</bndbox>
	</object>
</annotation>
