<annotation>
	<folder>baidu</folder>
	<filename>7.jpg</filename>
	<path>E:\LOGO_\LOGO\raw\baidu\7.jpg</path>
	<source>
		<database>Unknown</database>
	</source>
	<size>
		<width>354</width>
		<height>353</height>
		<depth>3</depth>
	</size>
	<segmented>0</segmented>
	<object>
		<name>baidu</name>
		<pose>Unspecified</pose>
		<truncated>0</truncated>
		<difficult>0</difficult>
		<bndbox>
			<xmin>43</xmin>
			<ymin>23</ymin>
			<xmax>311</xmax>
			<ymax>313</ymax>
		</bndbox>
	</object>
</annotation>
