<annotation>
	<folder>baidu</folder>
	<filename>8.jpg</filename>
	<path>E:\LOGO_\LOGO\raw\baidu\8.jpg</path>
	<source>
		<database>Unknown</database>
	</source>
	<size>
		<width>661</width>
		<height>350</height>
		<depth>3</depth>
	</size>
	<segmented>0</segmented>
	<object>
		<name>baidu</name>
		<pose>Unspecified</pose>
		<truncated>0</truncated>
		<difficult>0</difficult>
		<bndbox>
			<xmin>201</xmin>
			<ymin>62</ymin>
			<xmax>429</xmax>
			<ymax>142</ymax>
		</bndbox>
	</object>
</annotation>
