<annotation>
	<folder>baidu</folder>
	<filename>9.jpg</filename>
	<path>E:\LOGO_\LOGO\raw\baidu\9.jpg</path>
	<source>
		<database>Unknown</database>
	</source>
	<size>
		<width>351</width>
		<height>352</height>
		<depth>3</depth>
	</size>
	<segmented>0</segmented>
	<object>
		<name>baidu</name>
		<pose>Unspecified</pose>
		<truncated>0</truncated>
		<difficult>0</difficult>
		<bndbox>
			<xmin>127</xmin>
			<ymin>108</ymin>
			<xmax>225</xmax>
			<ymax>205</ymax>
		</bndbox>
	</object>
</annotation>
