filename,width,height,class,xmin,ymin,xmax,ymax
1.jpg,500,318,alibaba,186,214,328,247
1.jpg,500,318,alibaba,187,249,328,278
10.jpg,500,333,alibaba,159,71,466,121
11.jpg,534,300,alibaba,38,29,534,280
12.jpg,500,302,alibaba,1,5,189,117
12.jpg,500,302,alibaba,339,21,500,126
12.jpg,500,302,alibaba,190,187,397,298
13.jpg,500,500,alibaba,1,307,499,498
14.jpg,300,168,alibaba,2,14,299,69
14.jpg,300,168,tencent,4,104,300,146
15.jpg,310,163,alibaba,15,113,53,142
16.jpg,1024,635,alibaba,232,407,843,530
17.jpg,600,450,alibaba,1,17,79,47
17.jpg,600,450,alibaba,105,83,204,118
17.jpg,600,450,alibaba,223,35,320,69
17.jpg,600,450,alibaba,339,1,422,26
17.jpg,600,450,alibaba,435,50,515,85
17.jpg,600,450,alibaba,342,94,421,127
17.jpg,600,450,alibaba,224,141,318,174
17.jpg,600,450,alibaba,105,192,205,224
17.jpg,600,450,alibaba,1,128,81,165
17.jpg,600,450,alibaba,1,246,86,276
17.jpg,600,450,alibaba,102,294,200,326
17.jpg,600,450,alibaba,1,356,83,387
17.jpg,600,450,alibaba,102,395,199,431
17.jpg,600,450,alibaba,220,242,265,274
17.jpg,600,450,alibaba,214,339,283,371
17.jpg,600,450,alibaba,422,329,502,357
17.jpg,600,450,alibaba,507,367,582,397
17.jpg,600,450,alibaba,513,284,587,311
17.jpg,600,450,alibaba,424,239,509,269
17.jpg,600,450,alibaba,431,149,509,176
17.jpg,600,450,alibaba,521,194,591,222
17.jpg,600,450,alibaba,528,106,596,134
17.jpg,600,450,alibaba,531,14,600,44
2.jpg,500,375,alibaba,154,199,500,328
3.jpg,500,334,alibaba,1,20,487,297
4.jpg,500,334,alibaba,8,138,490,226
5.jpg,499,339,alibaba,1,1,499,243
6.jpg,500,523,alibaba,212,117,304,188
7.jpg,500,350,alibaba,210,166,316,191
8.jpg,500,332,alibaba,14,52,270,115
9.jpg,500,333,alibaba,186,67,279,84
1.jpg,290,174,baidu,5,6,285,151
10.jpg,356,360,baidu,79,242,275,311
11.jpg,642,563,baidu,84,53,642,297
12.jpg,532,354,baidu,56,75,509,230
13.jpg,802,289,baidu,376,21,760,148
14.jpg,491,352,baidu,263,61,454,139
15.jpg,601,350,baidu,160,30,443,129
15.jpg,601,350,baidu,158,217,443,321
16.jpg,506,355,baidu,47,75,447,210
2.jpg,692,492,baidu,361,163,664,292
3.jpg,388,385,baidu,14,207,383,328
4.jpg,502,327,baidu,130,40,486,220
5.jpg,626,352,baidu,39,75,590,252
6.jpg,556,268,baidu,359,122,539,183
6.jpg,556,268,baidu,333,10,555,268
7.jpg,354,353,baidu,43,23,311,313
8.jpg,661,350,baidu,201,62,429,142
9.jpg,351,352,baidu,127,108,225,205
1.jpg,307,289,bjtv,4,3,307,287
10.jpg,434,227,bjtv,187,82,228,97
11.jpg,470,347,bjtv,46,28,126,46
12.jpg,468,350,bjtv,43,28,126,48
2.jpg,351,348,bjtv,31,118,324,192
3.jpg,266,353,bjtv,127,104,139,112
4.jpg,531,353,bjtv,455,164,502,185
5.jpg,625,353,bjtv,37,24,159,47
6.jpg,604,341,bjtv,192,159,412,281
6.jpg,604,341,bjtv,155,138,189,155
7.jpg,629,355,bjtv,36,26,160,49
8.jpg,627,355,bjtv,35,25,129,47
9.jpg,803,250,bjtv,217,16,305,34
9.jpg,803,250,tencent,312,12,335,35
1.jpg,503,251,cctv,21,88,295,182
10.jpg,627,352,cctv,92,65,163,91
10.jpg,627,352,cctv,508,327,575,349
11.jpg,534,354,cctv,222,178,341,211
11.jpg,534,354,cctv,308,242,375,263
11.jpg,534,354,cctv,238,33,300,55
11.jpg,534,354,cctv,188,67,239,83
11.jpg,534,354,cctv,182,106,218,118
12.jpg,310,310,cctv,165,161,234,227
13.jpg,351,352,cctv,80,39,122,55
2.jpg,520,318,cctv,259,141,369,189
2.jpg,520,318,cctv,373,141,488,192
2.jpg,520,318,cctv,259,205,365,257
2.jpg,520,318,cctv,373,207,490,259
3.jpg,557,132,cctv,334,41,512,95
4.jpg,805,188,cctv,274,14,516,84
5.jpg,805,178,cctv,151,116,311,161
5.jpg,805,178,cctv,324,1,466,38
6.jpg,579,263,cctv,89,35,255,108
6.jpg,579,263,cctv,339,33,504,106
6.jpg,579,263,cctv,92,147,249,214
6.jpg,579,263,cctv,344,147,502,215
7.jpg,635,354,cctv,108,26,198,65
7.jpg,635,354,cctv,189,103,432,192
8.jpg,439,355,cctv,293,321,370,348
9.jpg,513,381,cctv,3,29,121,82
9.jpg,513,381,cctv,126,29,244,83
9.jpg,513,381,cctv,248,29,365,82
9.jpg,513,381,cctv,371,30,504,84
9.jpg,513,381,cctv,4,85,120,137
9.jpg,513,381,cctv,126,87,241,137
9.jpg,513,381,cctv,248,88,362,138
9.jpg,513,381,cctv,369,87,503,137
9.jpg,513,381,cctv,4,143,119,194
9.jpg,513,381,cctv,125,142,239,194
9.jpg,513,381,cctv,246,143,362,194
9.jpg,513,381,cctv,372,141,504,191
9.jpg,513,381,cctv,4,197,119,245
9.jpg,513,381,cctv,125,198,243,249
9.jpg,513,381,cctv,248,198,364,247
9.jpg,513,381,cctv,372,197,500,247
9.jpg,513,381,cctv,4,252,119,301
9.jpg,513,381,cctv,125,254,243,303
9.jpg,513,381,cctv,250,253,364,302
9.jpg,513,381,cctv,371,251,503,302
9.jpg,513,381,cctv,183,309,307,361
1.jpg,500,369,emblem,242,148,258,165
10.jpg,400,232,emblem,214,59,239,95
2.jpg,300,200,emblem,57,83,139,172
2.jpg,300,200,emblem,281,47,294,58
3.jpg,400,265,emblem,97,42,140,87
4.jpg,500,500,emblem,225,176,283,237
4.jpg,500,500,emblem,234,116,286,139
5.jpg,533,300,emblem,133,33,306,195
6.jpg,500,333,emblem,188,56,245,111
7.jpg,531,300,emblem,419,116,502,206
8.jpg,379,220,emblem,154,65,221,136
9.jpg,500,375,emblem,201,30,302,136
1.jpg,454,336,hntv,128,219,336,288
10.jpg,440,300,hntv,361,40,403,72
11.jpg,400,266,hntv,288,52,309,66
12.jpg,1024,724,hntv,316,212,450,313
12.jpg,1024,724,hntv,881,180,964,237
13.jpg,680,510,hntv,111,59,164,97
14.jpg,500,330,hntv,24,7,52,28
14.jpg,500,330,hntv,273,7,305,28
14.jpg,500,330,hntv,274,176,304,195
14.jpg,500,330,hntv,25,175,53,195
2.jpg,597,335,hntv,37,24,81,55
3.jpg,334,336,hntv,14,56,320,281
4.jpg,445,333,hntv,25,100,157,194
5.jpg,452,305,hntv,98,88,340,247
6.jpg,500,375,hntv,142,163,209,225
6.jpg,500,375,hntv,126,17,281,131
7.jpg,1920,1080,hntv,128,76,256,176
8.jpg,609,457,hntv,65,30,132,74
9.jpg,497,373,hntv,203,58,269,79
1.jpg,500,431,huawei,1,29,54,87
1.jpg,500,431,huawei,342,21,397,79
1.jpg,500,431,huawei,196,121,258,179
1.jpg,500,431,huawei,1,222,53,279
1.jpg,500,431,huawei,1,416,49,431
10.jpg,1000,685,huawei,436,104,577,249
11.jpg,299,168,huawei,138,19,170,51
12.jpg,300,168,huawei,2,14,298,123
13.jpg,259,194,huawei,62,68,149,135
14.jpg,318,159,huawei,123,82,201,144
2.jpg,1066,666,huawei,161,537,354,644
2.jpg,1066,666,huawei,650,333,868,426
2.jpg,1066,666,huawei,150,3,332,43
2.jpg,1066,666,huawei,154,204,300,248
2.jpg,1066,666,huawei,873,29,1066,83
2.jpg,1066,666,huawei,391,476,465,510
3.jpg,664,443,huawei,20,3,89,66
4.jpg,800,534,huawei,76,31,175,59
4.jpg,800,534,huawei,78,122,178,147
4.jpg,800,534,huawei,81,213,178,237
4.jpg,800,534,huawei,78,302,177,328
4.jpg,800,534,huawei,81,390,178,415
4.jpg,800,534,huawei,77,479,176,503
4.jpg,800,534,huawei,430,35,528,61
5.jpg,700,423,huawei,17,93,73,140
5.jpg,700,423,huawei,282,11,336,60
5.jpg,700,423,huawei,221,93,299,112
5.jpg,700,423,huawei,551,80,600,127
5.jpg,700,423,huawei,32,387,81,423
5.jpg,700,423,huawei,25,241,76,287
5.jpg,700,423,huawei,291,161,340,207
1.jpg,960,720,jstv,107,209,865,524
10.jpg,500,375,jstv,131,114,262,280
11.jpg,597,404,jstv,34,24,131,52
2.jpg,300,300,jstv,22,31,277,291
3.jpg,501,282,jstv,118,100,215,183
3.jpg,501,282,jstv,20,13,86,39
4.jpg,1024,1024,jstv,128,31,909,689
5.jpg,480,640,jstv,156,129,194,171
6.jpg,500,385,jstv,188,42,223,76
6.jpg,500,385,jstv,113,255,131,273
7.jpg,960,287,jstv,117,14,194,96
8.jpg,553,386,jstv,423,5,544,43
9.jpg,500,333,jstv,189,153,239,172
1.jpg,676,516,lenovo,32,216,621,294
10.jpg,1024,602,lenovo,18,19,208,51
10.jpg,1024,602,lenovo,202,267,274,290
10.jpg,1024,602,lenovo,276,438,301,495
11.jpg,1024,768,lenovo,271,175,607,230
11.jpg,1024,768,lenovo,445,364,537,389
12.jpg,1366,768,lenovo,492,248,1123,403
13.jpg,546,300,lenovo,1,46,531,254
14.jpg,500,333,lenovo,216,243,340,295
14.jpg,500,333,lenovo,363,127,402,157
14.jpg,500,333,lenovo,194,49,238,64
2.jpg,1920,1080,lenovo,1168,7,1834,695
3.jpg,500,375,lenovo,77,192,401,296
4.jpg,800,800,lenovo,263,371,305,396
4.jpg,800,800,lenovo,6,8,153,54
5.jpg,800,600,lenovo,600,41,649,62
5.jpg,800,600,lenovo,249,400,289,417
6.jpg,800,800,lenovo,260,136,373,182
7.jpg,700,467,lenovo,201,287,230,326
8.jpg,600,396,lenovo,286,185,424,273
9.jpg,1600,1066,lenovo,1324,556,1360,667
1.jpg,0,0,lexus,1197,462,1273,507
1.jpg,0,0,lexus,34,125,574,450
10.jpg,599,367,lexus,542,37,599,94
10.jpg,599,367,lexus,170,207,207,239
11.jpg,500,333,lexus,1,124,500,281
11.jpg,500,333,lexus,171,58,234,113
12.jpg,500,358,lexus,316,70,382,253
13.jpg,500,324,lexus,98,182,356,261
2.jpg,500,375,lexus,280,333,339,382
2.jpg,500,375,lexus,134,110,370,273
3.jpg,500,641,lexus,179,248,297,329
4.jpg,500,333,lexus,73,102,97,130
4.jpg,500,333,lexus,360,49,397,81
5.jpg,0,0,lexus,506,138,530,164
5.jpg,0,0,lexus,268,187,279,200
6.jpg,400,300,lexus,30,122,370,196
7.jpg,0,0,lexus,41,55,489,243
8.jpg,500,332,lexus,246,27,312,79
8.jpg,500,332,lexus,41,147,54,161
8.jpg,500,332,lexus,239,240,251,252
9.jpg,500,374,lexus,71,101,137,140
9.jpg,500,374,lexus,134,253,153,270
9.jpg,500,374,lexus,90,292,139,322
1.jpg,500,528,lincoln,76,43,412,490
10.jpg,500,460,lincoln,194,74,351,460
11.jpg,500,375,lincoln,109,113,155,161
11.jpg,500,375,lincoln,429,248,442,264
12.jpg,500,460,lincoln,362,58,426,223
13.jpg,500,500,lincoln,197,325,246,383
14.jpg,500,500,lincoln,164,302,263,428
15.jpg,644,300,lincoln,86,16,563,234
2.jpg,650,1734,lincoln,4,7,650,1720
3.jpg,600,400,lincoln,218,1,389,400
4.jpg,550,410,lincoln,253,99,315,282
5.jpg,500,333,lincoln,244,198,257,233
6.jpg,500,313,lincoln,246,22,330,294
7.jpg,500,500,lincoln,283,1,500,492
7.jpg,500,500,lincoln,100,15,258,405
7.jpg,500,500,lincoln,1,48,56,316
8.jpg,490,347,lincoln,288,53,341,182
9.jpg,500,333,lincoln,299,53,408,162
1.jpg,745,358,starbucks,212,43,519,316
10.jpg,533,300,starbucks,211,87,251,134
10.jpg,533,300,starbucks,147,95,185,138
11.jpg,500,334,starbucks,253,85,402,231
12.jpg,550,367,starbucks,241,91,300,152
13.jpg,500,321,starbucks,77,72,169,192
14.jpg,750,502,starbucks,87,262,122,299
15.jpg,500,333,starbucks,185,170,244,235
2.jpg,500,352,starbucks,71,59,219,192
2.jpg,500,352,starbucks,367,138,473,263
3.jpg,309,312,starbucks,5,12,300,298
4.jpg,423,298,starbucks,114,6,298,298
5.jpg,500,316,starbucks,1,97,36,137
5.jpg,500,316,starbucks,279,146,447,314
5.jpg,500,316,starbucks,97,121,122,151
6.jpg,290,290,starbucks,87,38,148,92
6.jpg,290,290,starbucks,107,111,136,141
6.jpg,290,290,starbucks,222,109,283,153
6.jpg,290,290,starbucks,203,183,245,211
6.jpg,290,290,starbucks,68,199,109,215
7.jpg,421,686,starbucks,245,33,367,155
8.jpg,500,346,starbucks,13,74,166,197
8.jpg,500,346,starbucks,166,60,312,178
8.jpg,500,346,starbucks,312,52,456,172
8.jpg,500,346,starbucks,10,196,174,341
8.jpg,500,346,starbucks,175,178,329,314
8.jpg,500,346,starbucks,329,171,488,307
9.jpg,750,700,starbucks,54,228,203,464
9.jpg,750,700,starbucks,248,238,392,452
9.jpg,750,700,starbucks,419,236,555,432
9.jpg,750,700,starbucks,584,257,716,412
1.jpg,330,220,supor,177,171,224,180
1.jpg,330,220,supor,62,1,149,57
1.jpg,330,220,supor,218,1,271,34
10.jpg,400,400,supor,152,160,236,187
11.jpg,440,330,supor,1,97,262,173
11.jpg,440,330,supor,3,227,268,330
12.jpg,550,366,supor,134,245,220,268
13.jpg,600,849,supor,48,31,208,93
14.jpg,500,364,supor,68,4,273,103
15.jpg,533,300,supor,59,2,461,82
16.jpg,500,350,supor,100,25,407,147
2.jpg,457,185,supor,2,61,151,83
3.jpg,320,320,supor,148,156,188,168
4.jpg,360,360,supor,160,202,207,215
5.jpg,500,314,supor,23,24,194,87
6.jpg,540,300,supor,320,200,351,216
6.jpg,540,300,supor,25,19,184,43
7.jpg,380,380,supor,177,66,221,89
7.jpg,380,380,supor,9,11,110,35
8.jpg,500,500,supor,203,199,296,225
9.jpg,500,334,supor,180,95,229,112
1.jpg,293,220,suzuki,108,141,162,163
1.jpg,293,220,suzuki,145,47,155,57
10.jpg,500,371,suzuki,72,61,132,284
10.jpg,500,371,suzuki,193,75,241,280
10.jpg,500,371,suzuki,324,75,372,278
10.jpg,500,371,suzuki,428,87,476,285
11.jpg,533,300,suzuki,125,141,252,171
12.jpg,680,300,suzuki,569,15,663,78
12.jpg,680,300,suzuki,301,135,314,145
13.jpg,700,365,suzuki,500,154,530,181
14.jpg,2304,3072,suzuki,859,2255,1426,2750
14.jpg,2304,3072,suzuki,2154,1031,2304,1100
15.jpg,541,300,suzuki,163,120,184,147
2.jpg,220,220,suzuki,1,20,220,173
3.jpg,500,352,suzuki,226,111,283,132
3.jpg,500,352,suzuki,379,74,400,83
4.jpg,500,333,suzuki,211,230,283,268
4.jpg,500,333,suzuki,166,88,300,193
5.jpg,500,332,suzuki,43,94,495,327
6.jpg,330,220,suzuki,50,112,63,125
7.jpg,500,333,suzuki,320,129,337,145
8.jpg,380,236,suzuki,78,114,89,128
9.jpg,273,312,suzuki,81,170,205,207
1.jpg,473,356,tcl,77,1,378,322
1.jpg,473,356,tcl,113,335,149,356
10.jpg,981,1200,tcl,109,859,345,1082
11.jpg,834,448,tcl,277,100,460,181
11.jpg,834,448,tcl,696,161,745,233
2.jpg,1200,675,tcl,335,72,399,114
2.jpg,1200,675,tcl,329,175,362,195
2.jpg,1200,675,tcl,204,309,292,383
2.jpg,1200,675,tcl,197,71,292,147
2.jpg,1200,675,tcl,922,355,1147,495
3.jpg,750,750,tcl,399,464,520,557
4.jpg,750,1001,tcl,189,430,360,650
5.jpg,750,1000,tcl,566,244,750,356
6.jpg,1280,720,tcl,799,225,975,308
6.jpg,1280,720,tcl,279,421,334,473
6.jpg,1280,720,tcl,4,426,141,514
6.jpg,1280,720,tcl,358,568,470,642
6.jpg,1280,720,tcl,541,442,689,523
6.jpg,1280,720,tcl,593,583,693,623
7.jpg,740,416,tcl,325,134,432,196
8.jpg,3264,2448,tcl,1827,524,2740,1032
9.jpg,1920,1080,tcl,643,401,1266,622
1.jpg,577,314,tencent,40,110,532,186
10.jpg,800,533,tencent,244,203,556,348
11.png,1200,629,tencent,30,114,443,613
2.jpg,640,366,tencent,72,43,625,288
3.png,602,403,tencent,183,136,266,215
4.jpg,1280,960,tencent,91,530,1185,827
5.png,770,439,tencent,181,34,352,169
6.png,400,400,tencent,58,23,340,341
7.jpg,643,210,tencent,61,53,154,148
7.jpg,643,210,tencent,240,10,511,137
7.jpg,643,210,tencent,229,135,374,202
8.JPG,4032,3024,tencent,908,535,1055,683
9.jpeg,1280,853,tencent,241,267,676,433
1.png,664,311,tesla,322,84,422,227
1.png,664,311,tesla,437,140,556,169
10.jpg,1140,600,tesla,173,96,475,183
11.jpg,700,350,tesla,168,183,583,263
2.jpeg,2900,1631,tesla,1642,459,2054,587
2.jpeg,2900,1631,tesla,1020,365,1120,471
2.jpeg,2900,1631,tesla,679,315,782,409
2.jpeg,2900,1631,tesla,642,415,904,500
2.jpeg,2900,1631,tesla,2701,468,2861,856
2.jpeg,2900,1631,tesla,1670,1240,1764,1325
2.jpeg,2900,1631,tesla,1795,1075,1845,1137
2.jpeg,2900,1631,tesla,1107,1125,1151,1184
2.jpeg,2900,1631,tesla,839,971,882,1028
2.jpeg,2900,1631,tesla,1448,781,1479,837
3.jpg,620,350,tesla,152,44,462,315
4.jpg,3800,2533,tesla,2710,328,3494,520
4.jpg,3800,2533,tesla,2744,1303,2948,1403
4.jpg,3800,2533,tesla,2323,1349,2506,1458
4.jpg,3800,2533,tesla,1502,824,2019,941
4.jpg,3800,2533,tesla,944,1045,1339,1128
4.jpg,3800,2533,tesla,660,1162,844,1258
5.jpg,800,450,tesla,134,99,188,186
5.jpg,800,450,tesla,610,53,727,196
5.jpg,800,450,tesla,261,407,290,436
5.jpg,800,450,tesla,377,171,429,185
6.jpg,900,900,tesla,392,366,510,450
7.jpg,1200,675,tesla,744,89,923,142
8.jpeg,1400,933,tesla,567,300,754,347
8.jpeg,1400,933,tesla,145,238,228,336
9.jpg,1280,720,tesla,555,210,658,343
1.jpg,1920,1080,toshiba,987,523,1231,623
10.jpg,467,650,toshiba,38,83,181,112
11.jpg,256,256,toshiba,50,50,204,83
12.jpg,600,600,toshiba,121,222,172,489
12.jpg,600,600,toshiba,224,197,289,545
12.jpg,600,600,toshiba,354,175,407,520
12.jpg,600,600,toshiba,449,233,491,484
2.jpg,1000,1500,toshiba,292,387,489,439
3.jpg,300,300,toshiba,1,1,300,41
3.jpg,300,300,toshiba,161,199,204,211
4.jpg,1600,1017,toshiba,976,641,1482,796
4.jpg,1600,1017,toshiba,789,425,1339,530
4.jpg,1600,1017,toshiba,544,235,1048,403
4.jpg,1600,1017,toshiba,248,71,689,330
4.jpg,1600,1017,toshiba,1,78,189,346
5.jpg,1024,683,toshiba,126,24,970,170
5.jpg,1024,683,toshiba,326,553,613,621
6.jpg,1600,900,toshiba,567,126,901,282
7.jpg,270,187,toshiba,111,22,240,94
8.jpg,800,800,toshiba,348,118,652,261
9.jpg,400,300,toshiba,214,109,300,155
1.jpg,1300,866,toyota,223,164,800,310
1.jpg,1300,866,toyota,628,537,694,576
10.jpg,667,500,toyota,81,48,588,374
2.png,337,149,toyota,19,22,317,78
3.jpeg,638,260,toyota,291,43,395,71
3.jpeg,638,260,toyota,173,187,184,197
4.jpg,300,284,toyota,27,89,271,260
5.jpg,500,375,toyota,261,26,462,139
5.jpg,500,375,toyota,71,149,281,191
6.jpg,1440,900,toyota,393,191,955,320
6.jpg,1440,900,toyota,628,423,758,517
7.jpg,1200,675,toyota,45,11,494,116
8.jpg,293,300,toyota,46,57,242,216
9.jpg,640,480,toyota,9,20,620,437
1.jpg,810,1080,tsingdao,109,327,355,602
1.jpg,810,1080,tsingdao,416,404,780,786
10.jpg,1199,1600,tsingdao,218,486,879,1063
11.jpg,800,800,tsingdao,62,510,148,601
11.jpg,800,800,tsingdao,191,511,270,603
11.jpg,800,800,tsingdao,106,262,411,503
11.jpg,800,800,tsingdao,599,395,695,509
12.jpg,1000,720,tsingdao,613,167,857,423
2.jpg,855,570,tsingdao,387,30,708,355
3.jpg,1500,1500,tsingdao,614,857,904,1165
3.jpg,1500,1500,tsingdao,679,345,819,445
4.jpg,560,311,tsingdao,174,94,253,154
4.jpg,560,311,tsingdao,302,94,384,154
5.jpg,646,650,tsingdao,157,307,623,619
5.jpg,646,650,tsingdao,7,288,155,572
5.jpg,646,650,tsingdao,161,113,239,175
5.jpg,646,650,tsingdao,317,106,399,168
5.jpg,646,650,tsingdao,474,105,553,166
5.jpg,646,650,tsingdao,414,87,450,116
5.jpg,646,650,tsingdao,257,96,293,122
5.jpg,646,650,tsingdao,97,111,135,139
6.jpg,400,600,tsingdao,112,189,290,314
7.jpg,624,559,tsingdao,384,155,620,404
8.jpg,1200,1059,tsingdao,733,440,903,592
8.jpg,1200,1059,tsingdao,765,141,865,187
9.jpg,640,640,tsingdao,217,243,465,463
1.jpg,800,800,vatti,236,8,463,64
10.jpg,892,911,vatti,70,326,471,479
11.jpg,780,520,vatti,219,6,625,96
11.jpg,780,520,vatti,320,276,525,326
11.jpg,780,520,vatti,1,238,49,293
2.jpg,2000,1500,vatti,1264,737,1961,919
2.jpg,2000,1500,vatti,717,189,1241,293
2.jpg,2000,1500,vatti,1648,317,1741,356
2.jpg,2000,1500,vatti,1315,324,1413,368
2.jpg,2000,1500,vatti,968,331,1068,365
2.jpg,2000,1500,vatti,613,337,724,372
2.jpg,2000,1500,vatti,254,335,352,372
3.jpeg,600,814,vatti,19,685,117,716
4.jpg,640,480,vatti,26,111,248,166
4.jpg,640,480,vatti,475,124,563,160
5.jpg,480,320,vatti,5,136,161,193
6.jpg,705,470,vatti,300,33,626,134
6.jpg,705,470,vatti,250,220,371,252
6.jpg,705,470,vatti,523,201,627,241
6.jpg,705,470,vatti,594,267,631,281
6.jpg,705,470,vatti,1,261,65,279
7.jpg,1266,844,vatti,194,208,424,296
7.jpg,1266,844,vatti,6,562,614,765
7.jpg,1266,844,vatti,775,339,812,369
7.jpg,1266,844,vatti,447,351,483,377
8.jpg,1401,749,vatti,50,2,195,40
9.jpg,720,480,vatti,92,144,608,317
9.jpg,720,480,vatti,699,431,720,451
1.jpg,1600,1066,vivo,760,326,848,392
1.jpg,1600,1066,vivo,1026,680,1104,743
10.jpg,500,375,vivo,226,161,269,197
11.jpg,1002,564,vivo,838,33,897,58
11.jpg,1002,564,zjtv,44,22,224,88
12.jpg,692,519,vivo,226,74,473,150
12.jpg,692,519,vivo,268,283,328,302
12.jpg,692,519,vivo,99,396,185,423
13.jpg,1920,1280,vivo,750,715,1036,805
14.jpg,1200,628,vivo,534,456,622,483
2.jpg,800,449,vivo,452,89,526,158
3.jpg,600,449,vivo,271,235,358,267
4.jpg,1300,849,vivo,325,39,981,242
4.jpg,1300,849,vivo,60,371,117,400
4.jpg,1300,849,vivo,1086,374,1146,400
5.jpg,1134,850,vivo,709,187,1100,288
5.jpg,1134,850,vivo,44,194,106,214
5.jpg,1134,850,vivo,159,609,339,670
6.jpg,1000,664,vivo,388,6,592,78
6.jpg,1000,664,vivo,648,456,695,473
6.jpg,1000,664,vivo,823,335,878,360
6.jpg,1000,664,vivo,458,279,524,304
6.jpg,1000,664,vivo,587,267,619,282
6.jpg,1000,664,vivo,206,469,318,509
6.jpg,1000,664,vivo,54,468,161,513
6.jpg,1000,664,vivo,186,241,227,267
6.jpg,1000,664,vivo,935,211,959,227
7.jpg,1280,720,vivo,54,49,195,94
7.jpg,1280,720,vivo,826,573,866,632
8.jpg,1280,720,vivo,118,164,482,287
8.jpg,1280,720,vivo,841,35,989,102
8.jpg,1280,720,vivo,677,65,770,113
9.jpg,346,500,vivo,201,147,264,171
1.jpg,800,600,volvo,100,9,252,156
1.jpg,800,600,volvo,494,369,510,383
10.jpg,480,270,volvo,97,16,334,44
11.jpg,275,183,volvo,162,16,200,36
11.jpg,275,183,volvo,70,59,97,72
12.jpg,1000,494,volvo,181,17,841,131
12.jpg,1000,494,volvo,763,247,814,266
12.jpg,1000,494,volvo,709,419,816,445
2.jpg,800,600,volvo,267,232,455,325
3.jpg,1300,866,volvo,469,251,864,589
4.jpg,1280,720,volvo,222,131,365,273
4.jpg,1280,720,volvo,962,305,1118,338
5.jpg,1024,768,volvo,849,410,954,434
5.jpg,1024,768,volvo,791,211,844,238
5.jpg,1024,768,volvo,567,245,609,261
5.jpg,1024,768,volvo,407,270,444,289
6.jpg,800,533,volvo,218,138,557,211
7.jpg,960,640,volvo,269,54,669,566
8.jpg,311,162,volvo,65,34,110,47
9.jpg,1200,876,volvo,311,194,646,278
9.jpg,1200,876,volvo,582,594,606,616
9.jpg,1200,876,volvo,869,459,914,508
1.jpg,1050,701,walmart,393,38,737,151
10.jpg,768,512,walmart,40,173,728,326
11.jpg,1024,578,walmart,282,94,448,151
11.jpg,1024,578,walmart,771,295,956,364
11.jpg,1024,578,walmart,143,381,211,398
11.jpg,1024,578,walmart,389,196,541,260
11.jpg,1024,578,walmart,943,134,1024,222
11.jpg,1024,578,walmart,937,453,996,482
12.jpg,300,225,walmart,105,59,208,90
13.jpg,1280,720,walmart,480,19,754,297
2.jpg,250,250,walmart,28,133,218,204
3.jpg,1023,575,walmart,110,13,606,193
4.jpg,620,349,walmart,183,168,565,275
5.jpg,755,450,walmart,225,358,542,450
6.jpg,755,450,walmart,136,162,509,223
6.jpg,755,450,walmart,254,307,279,405
6.jpg,755,450,walmart,14,23,125,99
7.jpg,500,375,walmart,172,296,236,324
7.jpg,500,375,walmart,285,297,338,323
7.jpg,500,375,walmart,371,296,416,319
7.jpg,500,375,walmart,441,297,480,319
7.jpg,500,375,walmart,117,10,338,142
8.jpg,400,240,walmart,124,6,312,197
8.jpg,400,240,walmart,265,131,394,201
9.jpg,268,188,walmart,64,53,188,125
1.jpg,640,427,wanda,175,25,498,109
10.jpg,900,600,wanda,259,32,545,136
2.jpg,1920,1280,wanda,85,82,1899,1260
3.jpg,550,312,wanda,89,95,395,196
4.jpg,550,412,wanda,119,178,273,245
5.jpg,246,246,wanda,15,55,233,182
6.jpg,1000,562,wanda,242,1,756,119
7.png,491,324,wanda,20,97,372,212
7.png,491,324,wanda,401,200,473,267
8.jpg,755,450,wanda,153,143,439,218
9.jpg,567,378,wanda,171,5,406,56
1.jpg,800,800,wuliangye,383,92,468,132
1.jpg,800,800,wuliangye,391,153,456,213
1.jpg,800,800,wuliangye,336,261,508,314
1.jpg,800,800,wuliangye,380,344,483,410
1.jpg,800,800,wuliangye,352,561,511,605
1.jpg,800,800,wuliangye,410,141,443,174
10.jpg,1140,796,wuliangye,766,333,826,376
10.jpg,1140,796,wuliangye,830,336,948,373
10.jpg,1140,796,wuliangye,143,369,176,397
10.jpg,1140,796,wuliangye,180,372,244,397
2.jpg,500,327,wuliangye,204,155,284,179
2.jpg,500,327,wuliangye,224,73,262,105
3.jpg,529,300,wuliangye,174,162,220,179
3.jpg,529,300,wuliangye,108,163,157,179
3.jpg,529,300,wuliangye,48,163,96,179
3.jpg,529,300,wuliangye,70,272,152,298
3.jpg,529,300,wuliangye,330,84,528,263
3.jpg,529,300,wuliangye,429,7,525,116
3.jpg,529,300,wuliangye,60,87,86,102
3.jpg,529,300,wuliangye,120,85,146,103
3.jpg,529,300,wuliangye,184,86,208,103
4.jpg,500,500,wuliangye,155,217,352,283
4.jpg,500,500,wuliangye,390,275,424,300
4.jpg,500,500,wuliangye,377,351,439,371
4.jpg,500,500,wuliangye,236,150,290,200
4.jpg,500,500,wuliangye,394,207,417,226
4.jpg,500,500,wuliangye,378,242,436,260
5.jpg,401,256,wuliangye,155,51,219,95
6.jpg,300,231,wuliangye,80,53,188,95
6.jpg,300,231,wuliangye,119,1,169,46
7.jpg,500,906,wuliangye,226,246,336,345
8.jpg,500,337,wuliangye,151,29,313,181
9.jpg,650,433,wuliangye,348,23,407,83
9.jpg,650,433,wuliangye,241,309,272,339
9.jpg,650,433,wuliangye,223,343,293,363
1.jpg,2632,1980,xiaomi,978,1254,1108,1366
10.jpg,500,349,xiaomi,6,117,79,184
10.jpg,500,349,xiaomi,204,14,273,84
10.jpg,500,349,xiaomi,420,111,490,177
10.jpg,500,349,xiaomi,286,19,376,76
10.jpg,500,349,xiaomi,92,118,180,180
2.jpg,2560,1440,xiaomi,1156,267,1225,309
2.jpg,2560,1440,xiaomi,1667,1025,1734,1075
3.jpg,1202,698,xiaomi,454,27,492,56
3.jpg,1202,698,xiaomi,133,69,169,94
3.jpg,1202,698,xiaomi,841,39,876,68
4.jpg,864,562,xiaomi,425,89,691,437
5.jpg,1000,700,xiaomi,130,176,169,209
5.jpg,1000,700,xiaomi,812,459,870,519
5.jpg,1000,700,xiaomi,879,417,950,480
6.jpg,500,313,xiaomi,305,221,326,242
6.jpg,500,313,xiaomi,290,22,334,62
7.jpg,464,300,xiaomi,102,87,229,174
7.jpg,464,300,xiaomi,242,90,369,176
8.jpg,533,300,xiaomi,245,97,277,125
8.jpg,533,300,xiaomi,170,191,189,211
9.jpg,690,493,xiaomi,147,189,253,264
1.jpg,1144,762,yonghui,368,155,988,333
10.jpg,1080,729,yonghui,310,257,510,330
10.jpg,1080,729,yonghui,593,88,783,169
10.jpg,1080,729,yonghui,133,2,204,165
10.jpg,1080,729,yonghui,368,50,481,233
10.jpg,1080,729,yonghui,649,547,718,612
2.jpg,886,886,yonghui,31,36,868,848
3.jpg,640,389,yonghui,12,9,527,361
4.jpg,1080,693,yonghui,391,150,810,316
5.jpg,600,450,yonghui,360,78,542,183
6.jpg,640,366,yonghui,138,1,229,65
7.jpg,500,500,yonghui,65,174,421,368
8.jpg,580,320,yonghui,33,85,179,230
8.jpg,580,320,yonghui,211,162,233,174
9.jpg,660,438,yonghui,398,137,454,162
1.jpg,1000,750,yuantong,135,78,848,691
10.jpg,989,448,yuantong,32,30,323,165
10.jpg,989,448,yuantong,905,52,959,110
11.jpg,580,575,yuantong,37,11,465,129
11.jpg,580,575,yuantong,269,387,286,402
2.jpg,340,272,yuantong,22,104,324,174
3.jpg,520,430,yuantong,14,151,515,289
4.jpg,548,357,yuantong,111,85,186,114
4.jpg,548,357,yuantong,261,75,282,89
4.jpg,548,357,yuantong,283,289,394,324
4.jpg,548,357,yuantong,55,299,81,315
5.jpg,600,450,yuantong,112,148,147,176
5.jpg,600,450,yuantong,317,194,373,228
6.jpg,924,554,yuantong,137,301,225,333
6.jpg,924,554,yuantong,40,336,85,363
6.jpg,924,554,yuantong,34,2,308,112
6.jpg,924,554,yuantong,311,310,376,341
6.jpg,924,554,yuantong,420,321,475,344
6.jpg,924,554,yuantong,505,319,552,340
6.jpg,924,554,yuantong,572,324,613,342
6.jpg,924,554,yuantong,646,315,680,334
6.jpg,924,554,yuantong,713,318,739,334
6.jpg,924,554,yuantong,755,323,781,339
6.jpg,924,554,yuantong,794,319,817,335
7.jpg,400,306,yuantong,273,136,346,171
8.jpg,550,412,yuantong,225,234,327,261
9.jpg,734,637,yuantong,643,320,728,377
9.jpg,734,637,yuantong,143,358,192,380
1.jpg,394,300,zjtv,37,98,357,200
10.jpg,256,256,zjtv,13,42,256,194
2.jpg,440,353,zjtv,86,30,381,332
3.jpg,500,332,zjtv,146,81,366,247
4.jpg,533,300,zjtv,24,18,105,48
4.jpg,533,300,zjtv,410,15,441,45
5.jpg,533,300,zjtv,321,128,370,178
6.jpg,533,300,zjtv,10,9,83,26
7.jpg,500,334,zjtv,10,290,123,317
8.jpg,560,260,zjtv,14,16,70,28
8.jpg,560,260,zjtv,443,202,476,230
9.jpg,500,383,zjtv,53,26,90,56
