<annotation>
	<folder>huawei</folder>
	<filename>1.jpg</filename>
	<path>E:\LOGO_\LOGO\raw\huawei\1.jpg</path>
	<source>
		<database>Unknown</database>
	</source>
	<size>
		<width>500</width>
		<height>431</height>
		<depth>3</depth>
	</size>
	<segmented>0</segmented>
	<object>
		<name>huawei</name>
		<pose>Unspecified</pose>
		<truncated>1</truncated>
		<difficult>0</difficult>
		<bndbox>
			<xmin>1</xmin>
			<ymin>29</ymin>
			<xmax>54</xmax>
			<ymax>87</ymax>
		</bndbox>
	</object>
	<object>
		<name>huawei</name>
		<pose>Unspecified</pose>
		<truncated>0</truncated>
		<difficult>0</difficult>
		<bndbox>
			<xmin>342</xmin>
			<ymin>21</ymin>
			<xmax>397</xmax>
			<ymax>79</ymax>
		</bndbox>
	</object>
	<object>
		<name>huawei</name>
		<pose>Unspecified</pose>
		<truncated>0</truncated>
		<difficult>0</difficult>
		<bndbox>
			<xmin>196</xmin>
			<ymin>121</ymin>
			<xmax>258</xmax>
			<ymax>179</ymax>
		</bndbox>
	</object>
	<object>
		<name>huawei</name>
		<pose>Unspecified</pose>
		<truncated>1</truncated>
		<difficult>0</difficult>
		<bndbox>
			<xmin>1</xmin>
			<ymin>222</ymin>
			<xmax>53</xmax>
			<ymax>279</ymax>
		</bndbox>
	</object>
	<object>
		<name>huawei</name>
		<pose>Unspecified</pose>
		<truncated>1</truncated>
		<difficult>0</difficult>
		<bndbox>
			<xmin>1</xmin>
			<ymin>416</ymin>
			<xmax>49</xmax>
			<ymax>431</ymax>
		</bndbox>
	</object>
</annotation>
