<annotation>
	<folder>huawei</folder>
	<filename>10.jpg</filename>
	<path>E:\LOGO_\LOGO\raw\huawei\10.jpg</path>
	<source>
		<database>Unknown</database>
	</source>
	<size>
		<width>1000</width>
		<height>685</height>
		<depth>3</depth>
	</size>
	<segmented>0</segmented>
	<object>
		<name>huawei</name>
		<pose>Unspecified</pose>
		<truncated>0</truncated>
		<difficult>0</difficult>
		<bndbox>
			<xmin>436</xmin>
			<ymin>104</ymin>
			<xmax>577</xmax>
			<ymax>249</ymax>
		</bndbox>
	</object>
</annotation>
