<annotation>
	<folder>huawei</folder>
	<filename>11.jpg</filename>
	<path>E:\LOGO_\LOGO\raw\huawei\11.jpg</path>
	<source>
		<database>Unknown</database>
	</source>
	<size>
		<width>299</width>
		<height>168</height>
		<depth>3</depth>
	</size>
	<segmented>0</segmented>
	<object>
		<name>huawei</name>
		<pose>Unspecified</pose>
		<truncated>0</truncated>
		<difficult>0</difficult>
		<bndbox>
			<xmin>138</xmin>
			<ymin>19</ymin>
			<xmax>170</xmax>
			<ymax>51</ymax>
		</bndbox>
	</object>
</annotation>
