<annotation>
	<folder>huawei</folder>
	<filename>13.jpg</filename>
	<path>E:\LOGO_\LOGO\raw\huawei\13.jpg</path>
	<source>
		<database>Unknown</database>
	</source>
	<size>
		<width>259</width>
		<height>194</height>
		<depth>3</depth>
	</size>
	<segmented>0</segmented>
	<object>
		<name>huawei</name>
		<pose>Unspecified</pose>
		<truncated>0</truncated>
		<difficult>0</difficult>
		<bndbox>
			<xmin>62</xmin>
			<ymin>68</ymin>
			<xmax>149</xmax>
			<ymax>135</ymax>
		</bndbox>
	</object>
</annotation>
