<annotation>
	<folder>huawei</folder>
	<filename>14.jpg</filename>
	<path>E:\LOGO_\LOGO\raw\huawei\14.jpg</path>
	<source>
		<database>Unknown</database>
	</source>
	<size>
		<width>318</width>
		<height>159</height>
		<depth>3</depth>
	</size>
	<segmented>0</segmented>
	<object>
		<name>huawei</name>
		<pose>Unspecified</pose>
		<truncated>0</truncated>
		<difficult>0</difficult>
		<bndbox>
			<xmin>123</xmin>
			<ymin>82</ymin>
			<xmax>201</xmax>
			<ymax>144</ymax>
		</bndbox>
	</object>
</annotation>
