<annotation>
	<folder>huawei</folder>
	<filename>2.jpg</filename>
	<path>E:\LOGO_\LOGO\raw\huawei\2.jpg</path>
	<source>
		<database>Unknown</database>
	</source>
	<size>
		<width>1066</width>
		<height>666</height>
		<depth>3</depth>
	</size>
	<segmented>0</segmented>
	<object>
		<name>huawei</name>
		<pose>Unspecified</pose>
		<truncated>0</truncated>
		<difficult>0</difficult>
		<bndbox>
			<xmin>161</xmin>
			<ymin>537</ymin>
			<xmax>354</xmax>
			<ymax>644</ymax>
		</bndbox>
	</object>
	<object>
		<name>huawei</name>
		<pose>Unspecified</pose>
		<truncated>0</truncated>
		<difficult>0</difficult>
		<bndbox>
			<xmin>650</xmin>
			<ymin>333</ymin>
			<xmax>868</xmax>
			<ymax>426</ymax>
		</bndbox>
	</object>
	<object>
		<name>huawei</name>
		<pose>Unspecified</pose>
		<truncated>0</truncated>
		<difficult>0</difficult>
		<bndbox>
			<xmin>150</xmin>
			<ymin>3</ymin>
			<xmax>332</xmax>
			<ymax>43</ymax>
		</bndbox>
	</object>
	<object>
		<name>huawei</name>
		<pose>Unspecified</pose>
		<truncated>0</truncated>
		<difficult>0</difficult>
		<bndbox>
			<xmin>154</xmin>
			<ymin>204</ymin>
			<xmax>300</xmax>
			<ymax>248</ymax>
		</bndbox>
	</object>
	<object>
		<name>huawei</name>
		<pose>Unspecified</pose>
		<truncated>1</truncated>
		<difficult>0</difficult>
		<bndbox>
			<xmin>873</xmin>
			<ymin>29</ymin>
			<xmax>1066</xmax>
			<ymax>83</ymax>
		</bndbox>
	</object>
	<object>
		<name>huawei</name>
		<pose>Unspecified</pose>
		<truncated>0</truncated>
		<difficult>0</difficult>
		<bndbox>
			<xmin>391</xmin>
			<ymin>476</ymin>
			<xmax>465</xmax>
			<ymax>510</ymax>
		</bndbox>
	</object>
</annotation>
