<annotation>
	<folder>huawei</folder>
	<filename>3.jpg</filename>
	<path>E:\LOGO_\LOGO\raw\huawei\3.jpg</path>
	<source>
		<database>Unknown</database>
	</source>
	<size>
		<width>664</width>
		<height>443</height>
		<depth>3</depth>
	</size>
	<segmented>0</segmented>
	<object>
		<name>huawei</name>
		<pose>Unspecified</pose>
		<truncated>0</truncated>
		<difficult>0</difficult>
		<bndbox>
			<xmin>20</xmin>
			<ymin>3</ymin>
			<xmax>89</xmax>
			<ymax>66</ymax>
		</bndbox>
	</object>
</annotation>
