<annotation>
	<folder>huawei</folder>
	<filename>4.jpg</filename>
	<path>E:\LOGO_\LOGO\raw\huawei\4.jpg</path>
	<source>
		<database>Unknown</database>
	</source>
	<size>
		<width>800</width>
		<height>534</height>
		<depth>3</depth>
	</size>
	<segmented>0</segmented>
	<object>
		<name>huawei</name>
		<pose>Unspecified</pose>
		<truncated>0</truncated>
		<difficult>0</difficult>
		<bndbox>
			<xmin>76</xmin>
			<ymin>31</ymin>
			<xmax>175</xmax>
			<ymax>59</ymax>
		</bndbox>
	</object>
	<object>
		<name>huawei</name>
		<pose>Unspecified</pose>
		<truncated>0</truncated>
		<difficult>0</difficult>
		<bndbox>
			<xmin>78</xmin>
			<ymin>122</ymin>
			<xmax>178</xmax>
			<ymax>147</ymax>
		</bndbox>
	</object>
	<object>
		<name>huawei</name>
		<pose>Unspecified</pose>
		<truncated>0</truncated>
		<difficult>0</difficult>
		<bndbox>
			<xmin>81</xmin>
			<ymin>213</ymin>
			<xmax>178</xmax>
			<ymax>237</ymax>
		</bndbox>
	</object>
	<object>
		<name>huawei</name>
		<pose>Unspecified</pose>
		<truncated>0</truncated>
		<difficult>0</difficult>
		<bndbox>
			<xmin>78</xmin>
			<ymin>302</ymin>
			<xmax>177</xmax>
			<ymax>328</ymax>
		</bndbox>
	</object>
	<object>
		<name>huawei</name>
		<pose>Unspecified</pose>
		<truncated>0</truncated>
		<difficult>0</difficult>
		<bndbox>
			<xmin>81</xmin>
			<ymin>390</ymin>
			<xmax>178</xmax>
			<ymax>415</ymax>
		</bndbox>
	</object>
	<object>
		<name>huawei</name>
		<pose>Unspecified</pose>
		<truncated>0</truncated>
		<difficult>0</difficult>
		<bndbox>
			<xmin>77</xmin>
			<ymin>479</ymin>
			<xmax>176</xmax>
			<ymax>503</ymax>
		</bndbox>
	</object>
	<object>
		<name>huawei</name>
		<pose>Unspecified</pose>
		<truncated>0</truncated>
		<difficult>0</difficult>
		<bndbox>
			<xmin>430</xmin>
			<ymin>35</ymin>
			<xmax>528</xmax>
			<ymax>61</ymax>
		</bndbox>
	</object>
</annotation>
