<annotation>
	<folder>huawei</folder>
	<filename>5.jpg</filename>
	<path>E:\LOGO_\LOGO\raw\huawei\5.jpg</path>
	<source>
		<database>Unknown</database>
	</source>
	<size>
		<width>700</width>
		<height>423</height>
		<depth>3</depth>
	</size>
	<segmented>0</segmented>
	<object>
		<name>huawei</name>
		<pose>Unspecified</pose>
		<truncated>0</truncated>
		<difficult>0</difficult>
		<bndbox>
			<xmin>17</xmin>
			<ymin>93</ymin>
			<xmax>73</xmax>
			<ymax>140</ymax>
		</bndbox>
	</object>
	<object>
		<name>huawei</name>
		<pose>Unspecified</pose>
		<truncated>0</truncated>
		<difficult>0</difficult>
		<bndbox>
			<xmin>282</xmin>
			<ymin>11</ymin>
			<xmax>336</xmax>
			<ymax>60</ymax>
		</bndbox>
	</object>
	<object>
		<name>huawei</name>
		<pose>Unspecified</pose>
		<truncated>0</truncated>
		<difficult>0</difficult>
		<bndbox>
			<xmin>221</xmin>
			<ymin>93</ymin>
			<xmax>299</xmax>
			<ymax>112</ymax>
		</bndbox>
	</object>
	<object>
		<name>huawei</name>
		<pose>Unspecified</pose>
		<truncated>0</truncated>
		<difficult>0</difficult>
		<bndbox>
			<xmin>551</xmin>
			<ymin>80</ymin>
			<xmax>600</xmax>
			<ymax>127</ymax>
		</bndbox>
	</object>
	<object>
		<name>huawei</name>
		<pose>Unspecified</pose>
		<truncated>1</truncated>
		<difficult>0</difficult>
		<bndbox>
			<xmin>32</xmin>
			<ymin>387</ymin>
			<xmax>81</xmax>
			<ymax>423</ymax>
		</bndbox>
	</object>
	<object>
		<name>huawei</name>
		<pose>Unspecified</pose>
		<truncated>0</truncated>
		<difficult>0</difficult>
		<bndbox>
			<xmin>25</xmin>
			<ymin>241</ymin>
			<xmax>76</xmax>
			<ymax>287</ymax>
		</bndbox>
	</object>
	<object>
		<name>huawei</name>
		<pose>Unspecified</pose>
		<truncated>0</truncated>
		<difficult>0</difficult>
		<bndbox>
			<xmin>291</xmin>
			<ymin>161</ymin>
			<xmax>340</xmax>
			<ymax>207</ymax>
		</bndbox>
	</object>
</annotation>
