<annotation>
	<folder>t_walmart</folder>
	<filename>1.jpg</filename>
	<path>E:\LOGO_\LOGO\raw\t_walmart\1.jpg</path>
	<source>
		<database>Unknown</database>
	</source>
	<size>
		<width>1050</width>
		<height>701</height>
		<depth>3</depth>
	</size>
	<segmented>0</segmented>
	<object>
		<name>walmart</name>
		<pose>Unspecified</pose>
		<truncated>0</truncated>
		<difficult>0</difficult>
		<bndbox>
			<xmin>393</xmin>
			<ymin>38</ymin>
			<xmax>737</xmax>
			<ymax>151</ymax>
		</bndbox>
	</object>
</annotation>
