<annotation>
	<folder>t_walmart</folder>
	<filename>10.jpg</filename>
	<path>E:\LOGO_\LOGO\raw\t_walmart\10.jpg</path>
	<source>
		<database>Unknown</database>
	</source>
	<size>
		<width>768</width>
		<height>512</height>
		<depth>3</depth>
	</size>
	<segmented>0</segmented>
	<object>
		<name>walmart</name>
		<pose>Unspecified</pose>
		<truncated>0</truncated>
		<difficult>0</difficult>
		<bndbox>
			<xmin>40</xmin>
			<ymin>173</ymin>
			<xmax>728</xmax>
			<ymax>326</ymax>
		</bndbox>
	</object>
</annotation>
