<annotation>
	<folder>t_walmart</folder>
	<filename>11.jpg</filename>
	<path>E:\LOGO_\LOGO\raw\t_walmart\11.jpg</path>
	<source>
		<database>Unknown</database>
	</source>
	<size>
		<width>1024</width>
		<height>578</height>
		<depth>3</depth>
	</size>
	<segmented>0</segmented>
	<object>
		<name>walmart</name>
		<pose>Unspecified</pose>
		<truncated>0</truncated>
		<difficult>0</difficult>
		<bndbox>
			<xmin>282</xmin>
			<ymin>94</ymin>
			<xmax>448</xmax>
			<ymax>151</ymax>
		</bndbox>
	</object>
	<object>
		<name>walmart</name>
		<pose>Unspecified</pose>
		<truncated>0</truncated>
		<difficult>0</difficult>
		<bndbox>
			<xmin>771</xmin>
			<ymin>295</ymin>
			<xmax>956</xmax>
			<ymax>364</ymax>
		</bndbox>
	</object>
	<object>
		<name>walmart</name>
		<pose>Unspecified</pose>
		<truncated>0</truncated>
		<difficult>0</difficult>
		<bndbox>
			<xmin>143</xmin>
			<ymin>381</ymin>
			<xmax>211</xmax>
			<ymax>398</ymax>
		</bndbox>
	</object>
	<object>
		<name>walmart</name>
		<pose>Unspecified</pose>
		<truncated>0</truncated>
		<difficult>0</difficult>
		<bndbox>
			<xmin>389</xmin>
			<ymin>196</ymin>
			<xmax>541</xmax>
			<ymax>260</ymax>
		</bndbox>
	</object>
	<object>
		<name>walmart</name>
		<pose>Unspecified</pose>
		<truncated>1</truncated>
		<difficult>0</difficult>
		<bndbox>
			<xmin>943</xmin>
			<ymin>134</ymin>
			<xmax>1024</xmax>
			<ymax>222</ymax>
		</bndbox>
	</object>
	<object>
		<name>walmart</name>
		<pose>Unspecified</pose>
		<truncated>0</truncated>
		<difficult>0</difficult>
		<bndbox>
			<xmin>937</xmin>
			<ymin>453</ymin>
			<xmax>996</xmax>
			<ymax>482</ymax>
		</bndbox>
	</object>
</annotation>
