<annotation>
	<folder>t_walmart</folder>
	<filename>12.jpg</filename>
	<path>E:\LOGO_\LOGO\raw\t_walmart\12.jpg</path>
	<source>
		<database>Unknown</database>
	</source>
	<size>
		<width>300</width>
		<height>225</height>
		<depth>3</depth>
	</size>
	<segmented>0</segmented>
	<object>
		<name>walmart</name>
		<pose>Unspecified</pose>
		<truncated>0</truncated>
		<difficult>0</difficult>
		<bndbox>
			<xmin>105</xmin>
			<ymin>59</ymin>
			<xmax>208</xmax>
			<ymax>90</ymax>
		</bndbox>
	</object>
</annotation>
