<annotation>
	<folder>t_walmart</folder>
	<filename>13.jpg</filename>
	<path>E:\LOGO_\LOGO\raw\t_walmart\13.jpg</path>
	<source>
		<database>Unknown</database>
	</source>
	<size>
		<width>1280</width>
		<height>720</height>
		<depth>3</depth>
	</size>
	<segmented>0</segmented>
	<object>
		<name>walmart</name>
		<pose>Unspecified</pose>
		<truncated>0</truncated>
		<difficult>0</difficult>
		<bndbox>
			<xmin>480</xmin>
			<ymin>19</ymin>
			<xmax>754</xmax>
			<ymax>297</ymax>
		</bndbox>
	</object>
</annotation>
