<annotation>
	<folder>t_walmart</folder>
	<filename>2.jpg</filename>
	<path>E:\LOGO_\LOGO\raw\t_walmart\2.jpg</path>
	<source>
		<database>Unknown</database>
	</source>
	<size>
		<width>250</width>
		<height>250</height>
		<depth>3</depth>
	</size>
	<segmented>0</segmented>
	<object>
		<name>walmart</name>
		<pose>Unspecified</pose>
		<truncated>0</truncated>
		<difficult>0</difficult>
		<bndbox>
			<xmin>28</xmin>
			<ymin>133</ymin>
			<xmax>218</xmax>
			<ymax>204</ymax>
		</bndbox>
	</object>
</annotation>
