<annotation>
	<folder>t_walmart</folder>
	<filename>3.jpg</filename>
	<path>E:\LOGO_\LOGO\raw\t_walmart\3.jpg</path>
	<source>
		<database>Unknown</database>
	</source>
	<size>
		<width>1023</width>
		<height>575</height>
		<depth>3</depth>
	</size>
	<segmented>0</segmented>
	<object>
		<name>walmart</name>
		<pose>Unspecified</pose>
		<truncated>0</truncated>
		<difficult>0</difficult>
		<bndbox>
			<xmin>110</xmin>
			<ymin>13</ymin>
			<xmax>606</xmax>
			<ymax>193</ymax>
		</bndbox>
	</object>
</annotation>
