<annotation>
	<folder>t_walmart</folder>
	<filename>4.jpg</filename>
	<path>E:\LOGO_\LOGO\raw\t_walmart\4.jpg</path>
	<source>
		<database>Unknown</database>
	</source>
	<size>
		<width>620</width>
		<height>349</height>
		<depth>3</depth>
	</size>
	<segmented>0</segmented>
	<object>
		<name>walmart</name>
		<pose>Unspecified</pose>
		<truncated>0</truncated>
		<difficult>0</difficult>
		<bndbox>
			<xmin>183</xmin>
			<ymin>168</ymin>
			<xmax>565</xmax>
			<ymax>275</ymax>
		</bndbox>
	</object>
</annotation>
