<annotation>
	<folder>t_walmart</folder>
	<filename>5.jpg</filename>
	<path>E:\LOGO_\LOGO\raw\t_walmart\5.jpg</path>
	<source>
		<database>Unknown</database>
	</source>
	<size>
		<width>755</width>
		<height>450</height>
		<depth>3</depth>
	</size>
	<segmented>0</segmented>
	<object>
		<name>walmart</name>
		<pose>Unspecified</pose>
		<truncated>1</truncated>
		<difficult>0</difficult>
		<bndbox>
			<xmin>225</xmin>
			<ymin>358</ymin>
			<xmax>542</xmax>
			<ymax>450</ymax>
		</bndbox>
	</object>
</annotation>
