<annotation>
	<folder>t_walmart</folder>
	<filename>6.jpg</filename>
	<path>E:\LOGO_\LOGO\raw\t_walmart\6.jpg</path>
	<source>
		<database>Unknown</database>
	</source>
	<size>
		<width>755</width>
		<height>450</height>
		<depth>3</depth>
	</size>
	<segmented>0</segmented>
	<object>
		<name>walmart</name>
		<pose>Unspecified</pose>
		<truncated>0</truncated>
		<difficult>0</difficult>
		<bndbox>
			<xmin>136</xmin>
			<ymin>162</ymin>
			<xmax>509</xmax>
			<ymax>223</ymax>
		</bndbox>
	</object>
	<object>
		<name>walmart</name>
		<pose>Unspecified</pose>
		<truncated>0</truncated>
		<difficult>0</difficult>
		<bndbox>
			<xmin>254</xmin>
			<ymin>307</ymin>
			<xmax>279</xmax>
			<ymax>405</ymax>
		</bndbox>
	</object>
	<object>
		<name>walmart</name>
		<pose>Unspecified</pose>
		<truncated>0</truncated>
		<difficult>0</difficult>
		<bndbox>
			<xmin>14</xmin>
			<ymin>23</ymin>
			<xmax>125</xmax>
			<ymax>99</ymax>
		</bndbox>
	</object>
</annotation>
