<annotation>
	<folder>t_walmart</folder>
	<filename>7.jpg</filename>
	<path>E:\LOGO_\LOGO\raw\t_walmart\7.jpg</path>
	<source>
		<database>Unknown</database>
	</source>
	<size>
		<width>500</width>
		<height>375</height>
		<depth>3</depth>
	</size>
	<segmented>0</segmented>
	<object>
		<name>walmart</name>
		<pose>Unspecified</pose>
		<truncated>0</truncated>
		<difficult>0</difficult>
		<bndbox>
			<xmin>172</xmin>
			<ymin>296</ymin>
			<xmax>236</xmax>
			<ymax>324</ymax>
		</bndbox>
	</object>
	<object>
		<name>walmart</name>
		<pose>Unspecified</pose>
		<truncated>0</truncated>
		<difficult>0</difficult>
		<bndbox>
			<xmin>285</xmin>
			<ymin>297</ymin>
			<xmax>338</xmax>
			<ymax>323</ymax>
		</bndbox>
	</object>
	<object>
		<name>walmart</name>
		<pose>Unspecified</pose>
		<truncated>0</truncated>
		<difficult>0</difficult>
		<bndbox>
			<xmin>371</xmin>
			<ymin>296</ymin>
			<xmax>416</xmax>
			<ymax>319</ymax>
		</bndbox>
	</object>
	<object>
		<name>walmart</name>
		<pose>Unspecified</pose>
		<truncated>0</truncated>
		<difficult>0</difficult>
		<bndbox>
			<xmin>441</xmin>
			<ymin>297</ymin>
			<xmax>480</xmax>
			<ymax>319</ymax>
		</bndbox>
	</object>
	<object>
		<name>walmart</name>
		<pose>Unspecified</pose>
		<truncated>0</truncated>
		<difficult>0</difficult>
		<bndbox>
			<xmin>117</xmin>
			<ymin>10</ymin>
			<xmax>338</xmax>
			<ymax>142</ymax>
		</bndbox>
	</object>
</annotation>
