<annotation>
	<folder>t_walmart</folder>
	<filename>8.jpg</filename>
	<path>E:\LOGO_\LOGO\raw\t_walmart\8.jpg</path>
	<source>
		<database>Unknown</database>
	</source>
	<size>
		<width>400</width>
		<height>240</height>
		<depth>3</depth>
	</size>
	<segmented>0</segmented>
	<object>
		<name>walmart</name>
		<pose>Unspecified</pose>
		<truncated>0</truncated>
		<difficult>0</difficult>
		<bndbox>
			<xmin>124</xmin>
			<ymin>6</ymin>
			<xmax>312</xmax>
			<ymax>197</ymax>
		</bndbox>
	</object>
	<object>
		<name>walmart</name>
		<pose>Unspecified</pose>
		<truncated>0</truncated>
		<difficult>0</difficult>
		<bndbox>
			<xmin>265</xmin>
			<ymin>131</ymin>
			<xmax>394</xmax>
			<ymax>201</ymax>
		</bndbox>
	</object>
</annotation>
