<annotation>
	<folder>t_walmart</folder>
	<filename>9.jpg</filename>
	<path>E:\LOGO_\LOGO\raw\t_walmart\9.jpg</path>
	<source>
		<database>Unknown</database>
	</source>
	<size>
		<width>268</width>
		<height>188</height>
		<depth>3</depth>
	</size>
	<segmented>0</segmented>
	<object>
		<name>walmart</name>
		<pose>Unspecified</pose>
		<truncated>0</truncated>
		<difficult>0</difficult>
		<bndbox>
			<xmin>64</xmin>
			<ymin>53</ymin>
			<xmax>188</xmax>
			<ymax>125</ymax>
		</bndbox>
	</object>
</annotation>
