<annotation>
	<folder>lincoln</folder>
	<filename>10.jpg</filename>
	<path>E:\LOGO_\LOGO\raw\lincoln\10.jpg</path>
	<source>
		<database>Unknown</database>
	</source>
	<size>
		<width>500</width>
		<height>460</height>
		<depth>3</depth>
	</size>
	<segmented>0</segmented>
	<object>
		<name>lincoln</name>
		<pose>Unspecified</pose>
		<truncated>1</truncated>
		<difficult>0</difficult>
		<bndbox>
			<xmin>194</xmin>
			<ymin>74</ymin>
			<xmax>351</xmax>
			<ymax>460</ymax>
		</bndbox>
	</object>
</annotation>
