<annotation>
	<folder>lincoln</folder>
	<filename>11.jpg</filename>
	<path>E:\LOGO_\LOGO\raw\lincoln\11.jpg</path>
	<source>
		<database>Unknown</database>
	</source>
	<size>
		<width>500</width>
		<height>375</height>
		<depth>1</depth>
	</size>
	<segmented>0</segmented>
	<object>
		<name>lincoln</name>
		<pose>Unspecified</pose>
		<truncated>0</truncated>
		<difficult>0</difficult>
		<bndbox>
			<xmin>109</xmin>
			<ymin>113</ymin>
			<xmax>155</xmax>
			<ymax>161</ymax>
		</bndbox>
	</object>
	<object>
		<name>lincoln</name>
		<pose>Unspecified</pose>
		<truncated>0</truncated>
		<difficult>0</difficult>
		<bndbox>
			<xmin>429</xmin>
			<ymin>248</ymin>
			<xmax>442</xmax>
			<ymax>264</ymax>
		</bndbox>
	</object>
</annotation>
