<annotation>
	<folder>lincoln</folder>
	<filename>14.jpg</filename>
	<path>E:\LOGO_\LOGO\raw\lincoln\14.jpg</path>
	<source>
		<database>Unknown</database>
	</source>
	<size>
		<width>500</width>
		<height>500</height>
		<depth>3</depth>
	</size>
	<segmented>0</segmented>
	<object>
		<name>lincoln</name>
		<pose>Unspecified</pose>
		<truncated>0</truncated>
		<difficult>0</difficult>
		<bndbox>
			<xmin>164</xmin>
			<ymin>302</ymin>
			<xmax>263</xmax>
			<ymax>428</ymax>
		</bndbox>
	</object>
</annotation>
