<annotation>
	<folder>lincoln</folder>
	<filename>15.jpg</filename>
	<path>E:\LOGO_\LOGO\raw\lincoln\15.jpg</path>
	<source>
		<database>Unknown</database>
	</source>
	<size>
		<width>644</width>
		<height>300</height>
		<depth>1</depth>
	</size>
	<segmented>0</segmented>
	<object>
		<name>lincoln</name>
		<pose>Unspecified</pose>
		<truncated>0</truncated>
		<difficult>0</difficult>
		<bndbox>
			<xmin>86</xmin>
			<ymin>16</ymin>
			<xmax>563</xmax>
			<ymax>234</ymax>
		</bndbox>
	</object>
</annotation>
