<annotation>
	<folder>lincoln</folder>
	<filename>2.jpg</filename>
	<path>E:\LOGO_\LOGO\raw\lincoln\2.jpg</path>
	<source>
		<database>Unknown</database>
	</source>
	<size>
		<width>650</width>
		<height>1734</height>
		<depth>1</depth>
	</size>
	<segmented>0</segmented>
	<object>
		<name>lincoln</name>
		<pose>Unspecified</pose>
		<truncated>1</truncated>
		<difficult>0</difficult>
		<bndbox>
			<xmin>4</xmin>
			<ymin>7</ymin>
			<xmax>650</xmax>
			<ymax>1720</ymax>
		</bndbox>
	</object>
</annotation>
