<annotation>
	<folder>lincoln</folder>
	<filename>3.jpg</filename>
	<path>E:\LOGO_\LOGO\raw\lincoln\3.jpg</path>
	<source>
		<database>Unknown</database>
	</source>
	<size>
		<width>600</width>
		<height>400</height>
		<depth>3</depth>
	</size>
	<segmented>0</segmented>
	<object>
		<name>lincoln</name>
		<pose>Unspecified</pose>
		<truncated>1</truncated>
		<difficult>0</difficult>
		<bndbox>
			<xmin>218</xmin>
			<ymin>1</ymin>
			<xmax>389</xmax>
			<ymax>400</ymax>
		</bndbox>
	</object>
</annotation>
