<annotation>
	<folder>lincoln</folder>
	<filename>4.jpg</filename>
	<path>E:\LOGO_\LOGO\raw\lincoln\4.jpg</path>
	<source>
		<database>Unknown</database>
	</source>
	<size>
		<width>550</width>
		<height>410</height>
		<depth>3</depth>
	</size>
	<segmented>0</segmented>
	<object>
		<name>lincoln</name>
		<pose>Unspecified</pose>
		<truncated>0</truncated>
		<difficult>0</difficult>
		<bndbox>
			<xmin>253</xmin>
			<ymin>99</ymin>
			<xmax>315</xmax>
			<ymax>282</ymax>
		</bndbox>
	</object>
</annotation>
