<annotation>
	<folder>lincoln</folder>
	<filename>5.jpg</filename>
	<path>E:\LOGO_\LOGO\raw\lincoln\5.jpg</path>
	<source>
		<database>Unknown</database>
	</source>
	<size>
		<width>500</width>
		<height>333</height>
		<depth>3</depth>
	</size>
	<segmented>0</segmented>
	<object>
		<name>lincoln</name>
		<pose>Unspecified</pose>
		<truncated>0</truncated>
		<difficult>0</difficult>
		<bndbox>
			<xmin>244</xmin>
			<ymin>198</ymin>
			<xmax>257</xmax>
			<ymax>233</ymax>
		</bndbox>
	</object>
</annotation>
