<annotation>
	<folder>lincoln</folder>
	<filename>6.jpg</filename>
	<path>E:\LOGO_\LOGO\raw\lincoln\6.jpg</path>
	<source>
		<database>Unknown</database>
	</source>
	<size>
		<width>500</width>
		<height>313</height>
		<depth>3</depth>
	</size>
	<segmented>0</segmented>
	<object>
		<name>lincoln</name>
		<pose>Unspecified</pose>
		<truncated>0</truncated>
		<difficult>0</difficult>
		<bndbox>
			<xmin>246</xmin>
			<ymin>22</ymin>
			<xmax>330</xmax>
			<ymax>294</ymax>
		</bndbox>
	</object>
</annotation>
