<annotation>
	<folder>lincoln</folder>
	<filename>7.jpg</filename>
	<path>E:\LOGO_\LOGO\raw\lincoln\7.jpg</path>
	<source>
		<database>Unknown</database>
	</source>
	<size>
		<width>500</width>
		<height>500</height>
		<depth>3</depth>
	</size>
	<segmented>0</segmented>
	<object>
		<name>lincoln</name>
		<pose>Unspecified</pose>
		<truncated>1</truncated>
		<difficult>0</difficult>
		<bndbox>
			<xmin>283</xmin>
			<ymin>1</ymin>
			<xmax>500</xmax>
			<ymax>492</ymax>
		</bndbox>
	</object>
	<object>
		<name>lincoln</name>
		<pose>Unspecified</pose>
		<truncated>0</truncated>
		<difficult>0</difficult>
		<bndbox>
			<xmin>100</xmin>
			<ymin>15</ymin>
			<xmax>258</xmax>
			<ymax>405</ymax>
		</bndbox>
	</object>
	<object>
		<name>lincoln</name>
		<pose>Unspecified</pose>
		<truncated>1</truncated>
		<difficult>0</difficult>
		<bndbox>
			<xmin>1</xmin>
			<ymin>48</ymin>
			<xmax>56</xmax>
			<ymax>316</ymax>
		</bndbox>
	</object>
</annotation>
