<annotation>
	<folder>lexus</folder>
	<filename>1.jpg</filename>
	<path>E:\LOGO_\LOGO\raw\lexus\1.jpg</path>
	<source>
		<database>Unknown</database>
	</source>
	<size>
		<width>0</width>
		<height>0</height>
		<depth>3</depth>
	</size>
	<segmented>0</segmented>
	<object>
		<name>lexus</name>
		<pose>Unspecified</pose>
		<truncated>0</truncated>
		<difficult>0</difficult>
		<bndbox>
			<xmin>1197</xmin>
			<ymin>462</ymin>
			<xmax>1273</xmax>
			<ymax>507</ymax>
		</bndbox>
	</object>
	<object>
		<name>lexus</name>
		<pose>Unspecified</pose>
		<truncated>0</truncated>
		<difficult>0</difficult>
		<bndbox>
			<xmin>34</xmin>
			<ymin>125</ymin>
			<xmax>574</xmax>
			<ymax>450</ymax>
		</bndbox>
	</object>
</annotation>
