<annotation>
	<folder>lexus</folder>
	<filename>10.jpg</filename>
	<path>E:\LOGO_\LOGO\raw\lexus\10.jpg</path>
	<source>
		<database>Unknown</database>
	</source>
	<size>
		<width>599</width>
		<height>367</height>
		<depth>3</depth>
	</size>
	<segmented>0</segmented>
	<object>
		<name>lexus</name>
		<pose>Unspecified</pose>
		<truncated>1</truncated>
		<difficult>0</difficult>
		<bndbox>
			<xmin>542</xmin>
			<ymin>37</ymin>
			<xmax>599</xmax>
			<ymax>94</ymax>
		</bndbox>
	</object>
	<object>
		<name>lexus</name>
		<pose>Unspecified</pose>
		<truncated>0</truncated>
		<difficult>0</difficult>
		<bndbox>
			<xmin>170</xmin>
			<ymin>207</ymin>
			<xmax>207</xmax>
			<ymax>239</ymax>
		</bndbox>
	</object>
</annotation>
