<annotation>
	<folder>lexus</folder>
	<filename>12.jpg</filename>
	<path>E:\LOGO_\LOGO\raw\lexus\12.jpg</path>
	<source>
		<database>Unknown</database>
	</source>
	<size>
		<width>500</width>
		<height>358</height>
		<depth>3</depth>
	</size>
	<segmented>0</segmented>
	<object>
		<name>lexus</name>
		<pose>Unspecified</pose>
		<truncated>0</truncated>
		<difficult>0</difficult>
		<bndbox>
			<xmin>316</xmin>
			<ymin>70</ymin>
			<xmax>382</xmax>
			<ymax>253</ymax>
		</bndbox>
	</object>
</annotation>
