<annotation>
	<folder>lexus</folder>
	<filename>13.jpg</filename>
	<path>E:\LOGO_\LOGO\raw\lexus\13.jpg</path>
	<source>
		<database>Unknown</database>
	</source>
	<size>
		<width>500</width>
		<height>324</height>
		<depth>3</depth>
	</size>
	<segmented>0</segmented>
	<object>
		<name>lexus</name>
		<pose>Unspecified</pose>
		<truncated>0</truncated>
		<difficult>0</difficult>
		<bndbox>
			<xmin>98</xmin>
			<ymin>182</ymin>
			<xmax>356</xmax>
			<ymax>261</ymax>
		</bndbox>
	</object>
</annotation>
