<annotation>
	<folder>lexus</folder>
	<filename>2.jpg</filename>
	<path>E:\LOGO_\LOGO\raw\lexus\2.jpg</path>
	<source>
		<database>Unknown</database>
	</source>
	<size>
		<width>500</width>
		<height>375</height>
		<depth>3</depth>
	</size>
	<segmented>0</segmented>
	<object>
		<name>lexus</name>
		<pose>Unspecified</pose>
		<truncated>0</truncated>
		<difficult>0</difficult>
		<bndbox>
			<xmin>280</xmin>
			<ymin>333</ymin>
			<xmax>339</xmax>
			<ymax>382</ymax>
		</bndbox>
	</object>
	<object>
		<name>lexus</name>
		<pose>Unspecified</pose>
		<truncated>0</truncated>
		<difficult>0</difficult>
		<bndbox>
			<xmin>134</xmin>
			<ymin>110</ymin>
			<xmax>370</xmax>
			<ymax>273</ymax>
		</bndbox>
	</object>
</annotation>
