<annotation>
	<folder>lexus</folder>
	<filename>3.jpg</filename>
	<path>E:\LOGO_\LOGO\raw\lexus\3.jpg</path>
	<source>
		<database>Unknown</database>
	</source>
	<size>
		<width>500</width>
		<height>641</height>
		<depth>3</depth>
	</size>
	<segmented>0</segmented>
	<object>
		<name>lexus</name>
		<pose>Unspecified</pose>
		<truncated>0</truncated>
		<difficult>0</difficult>
		<bndbox>
			<xmin>179</xmin>
			<ymin>248</ymin>
			<xmax>297</xmax>
			<ymax>329</ymax>
		</bndbox>
	</object>
</annotation>
