<annotation>
	<folder>lexus</folder>
	<filename>5.jpg</filename>
	<path>E:\LOGO_\LOGO\raw\lexus\5.jpg</path>
	<source>
		<database>Unknown</database>
	</source>
	<size>
		<width>0</width>
		<height>0</height>
		<depth>3</depth>
	</size>
	<segmented>0</segmented>
	<object>
		<name>lexus</name>
		<pose>Unspecified</pose>
		<truncated>0</truncated>
		<difficult>0</difficult>
		<bndbox>
			<xmin>506</xmin>
			<ymin>138</ymin>
			<xmax>530</xmax>
			<ymax>164</ymax>
		</bndbox>
	</object>
	<object>
		<name>lexus</name>
		<pose>Unspecified</pose>
		<truncated>0</truncated>
		<difficult>0</difficult>
		<bndbox>
			<xmin>268</xmin>
			<ymin>187</ymin>
			<xmax>279</xmax>
			<ymax>200</ymax>
		</bndbox>
	</object>
</annotation>
