<annotation>
	<folder>lexus</folder>
	<filename>6.jpg</filename>
	<path>E:\LOGO_\LOGO\raw\lexus\6.jpg</path>
	<source>
		<database>Unknown</database>
	</source>
	<size>
		<width>400</width>
		<height>300</height>
		<depth>1</depth>
	</size>
	<segmented>0</segmented>
	<object>
		<name>lexus</name>
		<pose>Unspecified</pose>
		<truncated>0</truncated>
		<difficult>0</difficult>
		<bndbox>
			<xmin>30</xmin>
			<ymin>122</ymin>
			<xmax>370</xmax>
			<ymax>196</ymax>
		</bndbox>
	</object>
</annotation>
