<annotation>
	<folder>lexus</folder>
	<filename>7.jpg</filename>
	<path>E:\LOGO_\LOGO\raw\lexus\7.jpg</path>
	<source>
		<database>Unknown</database>
	</source>
	<size>
		<width>0</width>
		<height>0</height>
		<depth>3</depth>
	</size>
	<segmented>0</segmented>
	<object>
		<name>lexus</name>
		<pose>Unspecified</pose>
		<truncated>0</truncated>
		<difficult>0</difficult>
		<bndbox>
			<xmin>41</xmin>
			<ymin>55</ymin>
			<xmax>489</xmax>
			<ymax>243</ymax>
		</bndbox>
	</object>
</annotation>
