<annotation>
	<folder>lexus</folder>
	<filename>8.jpg</filename>
	<path>E:\LOGO_\LOGO\raw\lexus\8.jpg</path>
	<source>
		<database>Unknown</database>
	</source>
	<size>
		<width>500</width>
		<height>332</height>
		<depth>3</depth>
	</size>
	<segmented>0</segmented>
	<object>
		<name>lexus</name>
		<pose>Unspecified</pose>
		<truncated>0</truncated>
		<difficult>0</difficult>
		<bndbox>
			<xmin>246</xmin>
			<ymin>27</ymin>
			<xmax>312</xmax>
			<ymax>79</ymax>
		</bndbox>
	</object>
	<object>
		<name>lexus</name>
		<pose>Unspecified</pose>
		<truncated>0</truncated>
		<difficult>0</difficult>
		<bndbox>
			<xmin>41</xmin>
			<ymin>147</ymin>
			<xmax>54</xmax>
			<ymax>161</ymax>
		</bndbox>
	</object>
	<object>
		<name>lexus</name>
		<pose>Unspecified</pose>
		<truncated>0</truncated>
		<difficult>0</difficult>
		<bndbox>
			<xmin>239</xmin>
			<ymin>240</ymin>
			<xmax>251</xmax>
			<ymax>252</ymax>
		</bndbox>
	</object>
</annotation>
