<annotation>
	<folder>lexus</folder>
	<filename>9.jpg</filename>
	<path>E:\LOGO_\LOGO\raw\lexus\9.jpg</path>
	<source>
		<database>Unknown</database>
	</source>
	<size>
		<width>500</width>
		<height>374</height>
		<depth>3</depth>
	</size>
	<segmented>0</segmented>
	<object>
		<name>lexus</name>
		<pose>Unspecified</pose>
		<truncated>0</truncated>
		<difficult>0</difficult>
		<bndbox>
			<xmin>71</xmin>
			<ymin>101</ymin>
			<xmax>137</xmax>
			<ymax>140</ymax>
		</bndbox>
	</object>
	<object>
		<name>lexus</name>
		<pose>Unspecified</pose>
		<truncated>0</truncated>
		<difficult>0</difficult>
		<bndbox>
			<xmin>134</xmin>
			<ymin>253</ymin>
			<xmax>153</xmax>
			<ymax>270</ymax>
		</bndbox>
	</object>
	<object>
		<name>lexus</name>
		<pose>Unspecified</pose>
		<truncated>0</truncated>
		<difficult>0</difficult>
		<bndbox>
			<xmin>90</xmin>
			<ymin>292</ymin>
			<xmax>139</xmax>
			<ymax>322</ymax>
		</bndbox>
	</object>
</annotation>
