<annotation>
	<folder>tesla</folder>
	<filename>1.png</filename>
	<path>E:\LOGO_\LOGO\raw\tesla\1.png</path>
	<source>
		<database>Unknown</database>
	</source>
	<size>
		<width>664</width>
		<height>311</height>
		<depth>3</depth>
	</size>
	<segmented>0</segmented>
	<object>
		<name>tesla</name>
		<pose>Unspecified</pose>
		<truncated>0</truncated>
		<difficult>0</difficult>
		<bndbox>
			<xmin>322</xmin>
			<ymin>84</ymin>
			<xmax>422</xmax>
			<ymax>227</ymax>
		</bndbox>
	</object>
	<object>
		<name>tesla</name>
		<pose>Unspecified</pose>
		<truncated>0</truncated>
		<difficult>0</difficult>
		<bndbox>
			<xmin>437</xmin>
			<ymin>140</ymin>
			<xmax>556</xmax>
			<ymax>169</ymax>
		</bndbox>
	</object>
</annotation>
