<annotation>
	<folder>tesla</folder>
	<filename>10.jpg</filename>
	<path>E:\LOGO_\LOGO\raw\tesla\10.jpg</path>
	<source>
		<database>Unknown</database>
	</source>
	<size>
		<width>1140</width>
		<height>600</height>
		<depth>3</depth>
	</size>
	<segmented>0</segmented>
	<object>
		<name>tesla</name>
		<pose>Unspecified</pose>
		<truncated>0</truncated>
		<difficult>0</difficult>
		<bndbox>
			<xmin>173</xmin>
			<ymin>96</ymin>
			<xmax>475</xmax>
			<ymax>183</ymax>
		</bndbox>
	</object>
</annotation>
