<annotation>
	<folder>tesla</folder>
	<filename>11.jpg</filename>
	<path>E:\LOGO_\LOGO\raw\tesla\11.jpg</path>
	<source>
		<database>Unknown</database>
	</source>
	<size>
		<width>700</width>
		<height>350</height>
		<depth>3</depth>
	</size>
	<segmented>0</segmented>
	<object>
		<name>tesla</name>
		<pose>Unspecified</pose>
		<truncated>0</truncated>
		<difficult>0</difficult>
		<bndbox>
			<xmin>168</xmin>
			<ymin>183</ymin>
			<xmax>583</xmax>
			<ymax>263</ymax>
		</bndbox>
	</object>
</annotation>
