<annotation>
	<folder>tesla</folder>
	<filename>2.jpeg</filename>
	<path>E:\LOGO_\LOGO\raw\tesla\2.jpeg</path>
	<source>
		<database>Unknown</database>
	</source>
	<size>
		<width>2900</width>
		<height>1631</height>
		<depth>3</depth>
	</size>
	<segmented>0</segmented>
	<object>
		<name>tesla</name>
		<pose>Unspecified</pose>
		<truncated>0</truncated>
		<difficult>0</difficult>
		<bndbox>
			<xmin>1642</xmin>
			<ymin>459</ymin>
			<xmax>2054</xmax>
			<ymax>587</ymax>
		</bndbox>
	</object>
	<object>
		<name>tesla</name>
		<pose>Unspecified</pose>
		<truncated>0</truncated>
		<difficult>0</difficult>
		<bndbox>
			<xmin>1020</xmin>
			<ymin>365</ymin>
			<xmax>1120</xmax>
			<ymax>471</ymax>
		</bndbox>
	</object>
	<object>
		<name>tesla</name>
		<pose>Unspecified</pose>
		<truncated>0</truncated>
		<difficult>0</difficult>
		<bndbox>
			<xmin>679</xmin>
			<ymin>315</ymin>
			<xmax>782</xmax>
			<ymax>409</ymax>
		</bndbox>
	</object>
	<object>
		<name>tesla</name>
		<pose>Unspecified</pose>
		<truncated>0</truncated>
		<difficult>0</difficult>
		<bndbox>
			<xmin>642</xmin>
			<ymin>415</ymin>
			<xmax>904</xmax>
			<ymax>500</ymax>
		</bndbox>
	</object>
	<object>
		<name>tesla</name>
		<pose>Unspecified</pose>
		<truncated>0</truncated>
		<difficult>0</difficult>
		<bndbox>
			<xmin>2701</xmin>
			<ymin>468</ymin>
			<xmax>2861</xmax>
			<ymax>856</ymax>
		</bndbox>
	</object>
	<object>
		<name>tesla</name>
		<pose>Unspecified</pose>
		<truncated>0</truncated>
		<difficult>0</difficult>
		<bndbox>
			<xmin>1670</xmin>
			<ymin>1240</ymin>
			<xmax>1764</xmax>
			<ymax>1325</ymax>
		</bndbox>
	</object>
	<object>
		<name>tesla</name>
		<pose>Unspecified</pose>
		<truncated>0</truncated>
		<difficult>0</difficult>
		<bndbox>
			<xmin>1795</xmin>
			<ymin>1075</ymin>
			<xmax>1845</xmax>
			<ymax>1137</ymax>
		</bndbox>
	</object>
	<object>
		<name>tesla</name>
		<pose>Unspecified</pose>
		<truncated>0</truncated>
		<difficult>0</difficult>
		<bndbox>
			<xmin>1107</xmin>
			<ymin>1125</ymin>
			<xmax>1151</xmax>
			<ymax>1184</ymax>
		</bndbox>
	</object>
	<object>
		<name>tesla</name>
		<pose>Unspecified</pose>
		<truncated>0</truncated>
		<difficult>0</difficult>
		<bndbox>
			<xmin>839</xmin>
			<ymin>971</ymin>
			<xmax>882</xmax>
			<ymax>1028</ymax>
		</bndbox>
	</object>
	<object>
		<name>tesla</name>
		<pose>Unspecified</pose>
		<truncated>0</truncated>
		<difficult>0</difficult>
		<bndbox>
			<xmin>1448</xmin>
			<ymin>781</ymin>
			<xmax>1479</xmax>
			<ymax>837</ymax>
		</bndbox>
	</object>
</annotation>
