<annotation>
	<folder>tesla</folder>
	<filename>3.jpg</filename>
	<path>E:\LOGO_\LOGO\raw\tesla\3.jpg</path>
	<source>
		<database>Unknown</database>
	</source>
	<size>
		<width>620</width>
		<height>350</height>
		<depth>3</depth>
	</size>
	<segmented>0</segmented>
	<object>
		<name>tesla</name>
		<pose>Unspecified</pose>
		<truncated>0</truncated>
		<difficult>0</difficult>
		<bndbox>
			<xmin>152</xmin>
			<ymin>44</ymin>
			<xmax>462</xmax>
			<ymax>315</ymax>
		</bndbox>
	</object>
</annotation>
