<annotation>
	<folder>tesla</folder>
	<filename>4.jpg</filename>
	<path>E:\LOGO_\LOGO\raw\tesla\4.jpg</path>
	<source>
		<database>Unknown</database>
	</source>
	<size>
		<width>3800</width>
		<height>2533</height>
		<depth>3</depth>
	</size>
	<segmented>0</segmented>
	<object>
		<name>tesla</name>
		<pose>Unspecified</pose>
		<truncated>0</truncated>
		<difficult>0</difficult>
		<bndbox>
			<xmin>2710</xmin>
			<ymin>328</ymin>
			<xmax>3494</xmax>
			<ymax>520</ymax>
		</bndbox>
	</object>
	<object>
		<name>tesla</name>
		<pose>Unspecified</pose>
		<truncated>0</truncated>
		<difficult>0</difficult>
		<bndbox>
			<xmin>2744</xmin>
			<ymin>1303</ymin>
			<xmax>2948</xmax>
			<ymax>1403</ymax>
		</bndbox>
	</object>
	<object>
		<name>tesla</name>
		<pose>Unspecified</pose>
		<truncated>0</truncated>
		<difficult>0</difficult>
		<bndbox>
			<xmin>2323</xmin>
			<ymin>1349</ymin>
			<xmax>2506</xmax>
			<ymax>1458</ymax>
		</bndbox>
	</object>
	<object>
		<name>tesla</name>
		<pose>Unspecified</pose>
		<truncated>0</truncated>
		<difficult>0</difficult>
		<bndbox>
			<xmin>1502</xmin>
			<ymin>824</ymin>
			<xmax>2019</xmax>
			<ymax>941</ymax>
		</bndbox>
	</object>
	<object>
		<name>tesla</name>
		<pose>Unspecified</pose>
		<truncated>0</truncated>
		<difficult>0</difficult>
		<bndbox>
			<xmin>944</xmin>
			<ymin>1045</ymin>
			<xmax>1339</xmax>
			<ymax>1128</ymax>
		</bndbox>
	</object>
	<object>
		<name>tesla</name>
		<pose>Unspecified</pose>
		<truncated>0</truncated>
		<difficult>0</difficult>
		<bndbox>
			<xmin>660</xmin>
			<ymin>1162</ymin>
			<xmax>844</xmax>
			<ymax>1258</ymax>
		</bndbox>
	</object>
</annotation>
