<annotation>
	<folder>tesla</folder>
	<filename>5.jpg</filename>
	<path>E:\LOGO_\LOGO\raw\tesla\5.jpg</path>
	<source>
		<database>Unknown</database>
	</source>
	<size>
		<width>800</width>
		<height>450</height>
		<depth>3</depth>
	</size>
	<segmented>0</segmented>
	<object>
		<name>tesla</name>
		<pose>Unspecified</pose>
		<truncated>0</truncated>
		<difficult>0</difficult>
		<bndbox>
			<xmin>134</xmin>
			<ymin>99</ymin>
			<xmax>188</xmax>
			<ymax>186</ymax>
		</bndbox>
	</object>
	<object>
		<name>tesla</name>
		<pose>Unspecified</pose>
		<truncated>0</truncated>
		<difficult>0</difficult>
		<bndbox>
			<xmin>610</xmin>
			<ymin>53</ymin>
			<xmax>727</xmax>
			<ymax>196</ymax>
		</bndbox>
	</object>
	<object>
		<name>tesla</name>
		<pose>Unspecified</pose>
		<truncated>0</truncated>
		<difficult>0</difficult>
		<bndbox>
			<xmin>261</xmin>
			<ymin>407</ymin>
			<xmax>290</xmax>
			<ymax>436</ymax>
		</bndbox>
	</object>
	<object>
		<name>tesla</name>
		<pose>Unspecified</pose>
		<truncated>0</truncated>
		<difficult>0</difficult>
		<bndbox>
			<xmin>377</xmin>
			<ymin>171</ymin>
			<xmax>429</xmax>
			<ymax>185</ymax>
		</bndbox>
	</object>
</annotation>
