<annotation>
	<folder>tesla</folder>
	<filename>6.jpg</filename>
	<path>E:\LOGO_\LOGO\raw\tesla\6.jpg</path>
	<source>
		<database>Unknown</database>
	</source>
	<size>
		<width>900</width>
		<height>900</height>
		<depth>3</depth>
	</size>
	<segmented>0</segmented>
	<object>
		<name>tesla</name>
		<pose>Unspecified</pose>
		<truncated>0</truncated>
		<difficult>0</difficult>
		<bndbox>
			<xmin>392</xmin>
			<ymin>366</ymin>
			<xmax>510</xmax>
			<ymax>450</ymax>
		</bndbox>
	</object>
</annotation>
