<annotation>
	<folder>tesla</folder>
	<filename>7.jpg</filename>
	<path>E:\LOGO_\LOGO\raw\tesla\7.jpg</path>
	<source>
		<database>Unknown</database>
	</source>
	<size>
		<width>1200</width>
		<height>675</height>
		<depth>3</depth>
	</size>
	<segmented>0</segmented>
	<object>
		<name>tesla</name>
		<pose>Unspecified</pose>
		<truncated>0</truncated>
		<difficult>0</difficult>
		<bndbox>
			<xmin>744</xmin>
			<ymin>89</ymin>
			<xmax>923</xmax>
			<ymax>142</ymax>
		</bndbox>
	</object>
</annotation>
