<annotation>
	<folder>tesla</folder>
	<filename>8.jpeg</filename>
	<path>E:\LOGO_\LOGO\raw\tesla\8.jpeg</path>
	<source>
		<database>Unknown</database>
	</source>
	<size>
		<width>1400</width>
		<height>933</height>
		<depth>3</depth>
	</size>
	<segmented>0</segmented>
	<object>
		<name>tesla</name>
		<pose>Unspecified</pose>
		<truncated>0</truncated>
		<difficult>0</difficult>
		<bndbox>
			<xmin>567</xmin>
			<ymin>300</ymin>
			<xmax>754</xmax>
			<ymax>347</ymax>
		</bndbox>
	</object>
	<object>
		<name>tesla</name>
		<pose>Unspecified</pose>
		<truncated>0</truncated>
		<difficult>0</difficult>
		<bndbox>
			<xmin>145</xmin>
			<ymin>238</ymin>
			<xmax>228</xmax>
			<ymax>336</ymax>
		</bndbox>
	</object>
</annotation>
