<annotation>
	<folder>tesla</folder>
	<filename>9.jpg</filename>
	<path>E:\LOGO_\LOGO\raw\tesla\9.jpg</path>
	<source>
		<database>Unknown</database>
	</source>
	<size>
		<width>1280</width>
		<height>720</height>
		<depth>3</depth>
	</size>
	<segmented>0</segmented>
	<object>
		<name>tesla</name>
		<pose>Unspecified</pose>
		<truncated>0</truncated>
		<difficult>0</difficult>
		<bndbox>
			<xmin>555</xmin>
			<ymin>210</ymin>
			<xmax>658</xmax>
			<ymax>343</ymax>
		</bndbox>
	</object>
</annotation>
