<annotation>
	<folder>yuantong</folder>
	<filename>1.jpg</filename>
	<path>E:\LOGO_\LOGO\raw\yuantong\1.jpg</path>
	<source>
		<database>Unknown</database>
	</source>
	<size>
		<width>1000</width>
		<height>750</height>
		<depth>3</depth>
	</size>
	<segmented>0</segmented>
	<object>
		<name>yuantong</name>
		<pose>Unspecified</pose>
		<truncated>0</truncated>
		<difficult>0</difficult>
		<bndbox>
			<xmin>135</xmin>
			<ymin>78</ymin>
			<xmax>848</xmax>
			<ymax>691</ymax>
		</bndbox>
	</object>
</annotation>
