<annotation>
	<folder>yuantong</folder>
	<filename>10.jpg</filename>
	<path>E:\LOGO_\LOGO\raw\yuantong\10.jpg</path>
	<source>
		<database>Unknown</database>
	</source>
	<size>
		<width>989</width>
		<height>448</height>
		<depth>3</depth>
	</size>
	<segmented>0</segmented>
	<object>
		<name>yuantong</name>
		<pose>Unspecified</pose>
		<truncated>0</truncated>
		<difficult>0</difficult>
		<bndbox>
			<xmin>32</xmin>
			<ymin>30</ymin>
			<xmax>323</xmax>
			<ymax>165</ymax>
		</bndbox>
	</object>
	<object>
		<name>yuantong</name>
		<pose>Unspecified</pose>
		<truncated>0</truncated>
		<difficult>0</difficult>
		<bndbox>
			<xmin>905</xmin>
			<ymin>52</ymin>
			<xmax>959</xmax>
			<ymax>110</ymax>
		</bndbox>
	</object>
</annotation>
