<annotation>
	<folder>yuantong</folder>
	<filename>11.jpg</filename>
	<path>E:\LOGO_\LOGO\raw\yuantong\11.jpg</path>
	<source>
		<database>Unknown</database>
	</source>
	<size>
		<width>580</width>
		<height>575</height>
		<depth>3</depth>
	</size>
	<segmented>0</segmented>
	<object>
		<name>yuantong</name>
		<pose>Unspecified</pose>
		<truncated>0</truncated>
		<difficult>0</difficult>
		<bndbox>
			<xmin>37</xmin>
			<ymin>11</ymin>
			<xmax>465</xmax>
			<ymax>129</ymax>
		</bndbox>
	</object>
	<object>
		<name>yuantong</name>
		<pose>Unspecified</pose>
		<truncated>0</truncated>
		<difficult>0</difficult>
		<bndbox>
			<xmin>269</xmin>
			<ymin>387</ymin>
			<xmax>286</xmax>
			<ymax>402</ymax>
		</bndbox>
	</object>
</annotation>
