<annotation>
	<folder>yuantong</folder>
	<filename>2.jpg</filename>
	<path>E:\LOGO_\LOGO\raw\yuantong\2.jpg</path>
	<source>
		<database>Unknown</database>
	</source>
	<size>
		<width>340</width>
		<height>272</height>
		<depth>3</depth>
	</size>
	<segmented>0</segmented>
	<object>
		<name>yuantong</name>
		<pose>Unspecified</pose>
		<truncated>0</truncated>
		<difficult>0</difficult>
		<bndbox>
			<xmin>22</xmin>
			<ymin>104</ymin>
			<xmax>324</xmax>
			<ymax>174</ymax>
		</bndbox>
	</object>
</annotation>
