<annotation>
	<folder>yuantong</folder>
	<filename>3.jpg</filename>
	<path>E:\LOGO_\LOGO\raw\yuantong\3.jpg</path>
	<source>
		<database>Unknown</database>
	</source>
	<size>
		<width>520</width>
		<height>430</height>
		<depth>3</depth>
	</size>
	<segmented>0</segmented>
	<object>
		<name>yuantong</name>
		<pose>Unspecified</pose>
		<truncated>0</truncated>
		<difficult>0</difficult>
		<bndbox>
			<xmin>14</xmin>
			<ymin>151</ymin>
			<xmax>515</xmax>
			<ymax>289</ymax>
		</bndbox>
	</object>
</annotation>
