<annotation>
	<folder>yuantong</folder>
	<filename>4.jpg</filename>
	<path>E:\LOGO_\LOGO\raw\yuantong\4.jpg</path>
	<source>
		<database>Unknown</database>
	</source>
	<size>
		<width>548</width>
		<height>357</height>
		<depth>3</depth>
	</size>
	<segmented>0</segmented>
	<object>
		<name>yuantong</name>
		<pose>Unspecified</pose>
		<truncated>0</truncated>
		<difficult>0</difficult>
		<bndbox>
			<xmin>111</xmin>
			<ymin>85</ymin>
			<xmax>186</xmax>
			<ymax>114</ymax>
		</bndbox>
	</object>
	<object>
		<name>yuantong</name>
		<pose>Unspecified</pose>
		<truncated>0</truncated>
		<difficult>0</difficult>
		<bndbox>
			<xmin>261</xmin>
			<ymin>75</ymin>
			<xmax>282</xmax>
			<ymax>89</ymax>
		</bndbox>
	</object>
	<object>
		<name>yuantong</name>
		<pose>Unspecified</pose>
		<truncated>0</truncated>
		<difficult>0</difficult>
		<bndbox>
			<xmin>283</xmin>
			<ymin>289</ymin>
			<xmax>394</xmax>
			<ymax>324</ymax>
		</bndbox>
	</object>
	<object>
		<name>yuantong</name>
		<pose>Unspecified</pose>
		<truncated>0</truncated>
		<difficult>0</difficult>
		<bndbox>
			<xmin>55</xmin>
			<ymin>299</ymin>
			<xmax>81</xmax>
			<ymax>315</ymax>
		</bndbox>
	</object>
</annotation>
