<annotation>
	<folder>yuantong</folder>
	<filename>5.jpg</filename>
	<path>E:\LOGO_\LOGO\raw\yuantong\5.jpg</path>
	<source>
		<database>Unknown</database>
	</source>
	<size>
		<width>600</width>
		<height>450</height>
		<depth>3</depth>
	</size>
	<segmented>0</segmented>
	<object>
		<name>yuantong</name>
		<pose>Unspecified</pose>
		<truncated>0</truncated>
		<difficult>0</difficult>
		<bndbox>
			<xmin>112</xmin>
			<ymin>148</ymin>
			<xmax>147</xmax>
			<ymax>176</ymax>
		</bndbox>
	</object>
	<object>
		<name>yuantong</name>
		<pose>Unspecified</pose>
		<truncated>0</truncated>
		<difficult>0</difficult>
		<bndbox>
			<xmin>317</xmin>
			<ymin>194</ymin>
			<xmax>373</xmax>
			<ymax>228</ymax>
		</bndbox>
	</object>
</annotation>
