<annotation>
	<folder>yuantong</folder>
	<filename>6.jpg</filename>
	<path>E:\LOGO_\LOGO\raw\yuantong\6.jpg</path>
	<source>
		<database>Unknown</database>
	</source>
	<size>
		<width>924</width>
		<height>554</height>
		<depth>3</depth>
	</size>
	<segmented>0</segmented>
	<object>
		<name>yuantong</name>
		<pose>Unspecified</pose>
		<truncated>0</truncated>
		<difficult>0</difficult>
		<bndbox>
			<xmin>137</xmin>
			<ymin>301</ymin>
			<xmax>225</xmax>
			<ymax>333</ymax>
		</bndbox>
	</object>
	<object>
		<name>yuantong</name>
		<pose>Unspecified</pose>
		<truncated>0</truncated>
		<difficult>0</difficult>
		<bndbox>
			<xmin>40</xmin>
			<ymin>336</ymin>
			<xmax>85</xmax>
			<ymax>363</ymax>
		</bndbox>
	</object>
	<object>
		<name>yuantong</name>
		<pose>Unspecified</pose>
		<truncated>0</truncated>
		<difficult>0</difficult>
		<bndbox>
			<xmin>34</xmin>
			<ymin>2</ymin>
			<xmax>308</xmax>
			<ymax>112</ymax>
		</bndbox>
	</object>
	<object>
		<name>yuantong</name>
		<pose>Unspecified</pose>
		<truncated>0</truncated>
		<difficult>0</difficult>
		<bndbox>
			<xmin>311</xmin>
			<ymin>310</ymin>
			<xmax>376</xmax>
			<ymax>341</ymax>
		</bndbox>
	</object>
	<object>
		<name>yuantong</name>
		<pose>Unspecified</pose>
		<truncated>0</truncated>
		<difficult>0</difficult>
		<bndbox>
			<xmin>420</xmin>
			<ymin>321</ymin>
			<xmax>475</xmax>
			<ymax>344</ymax>
		</bndbox>
	</object>
	<object>
		<name>yuantong</name>
		<pose>Unspecified</pose>
		<truncated>0</truncated>
		<difficult>0</difficult>
		<bndbox>
			<xmin>505</xmin>
			<ymin>319</ymin>
			<xmax>552</xmax>
			<ymax>340</ymax>
		</bndbox>
	</object>
	<object>
		<name>yuantong</name>
		<pose>Unspecified</pose>
		<truncated>0</truncated>
		<difficult>0</difficult>
		<bndbox>
			<xmin>572</xmin>
			<ymin>324</ymin>
			<xmax>613</xmax>
			<ymax>342</ymax>
		</bndbox>
	</object>
	<object>
		<name>yuantong</name>
		<pose>Unspecified</pose>
		<truncated>0</truncated>
		<difficult>0</difficult>
		<bndbox>
			<xmin>646</xmin>
			<ymin>315</ymin>
			<xmax>680</xmax>
			<ymax>334</ymax>
		</bndbox>
	</object>
	<object>
		<name>yuantong</name>
		<pose>Unspecified</pose>
		<truncated>0</truncated>
		<difficult>0</difficult>
		<bndbox>
			<xmin>713</xmin>
			<ymin>318</ymin>
			<xmax>739</xmax>
			<ymax>334</ymax>
		</bndbox>
	</object>
	<object>
		<name>yuantong</name>
		<pose>Unspecified</pose>
		<truncated>0</truncated>
		<difficult>0</difficult>
		<bndbox>
			<xmin>755</xmin>
			<ymin>323</ymin>
			<xmax>781</xmax>
			<ymax>339</ymax>
		</bndbox>
	</object>
	<object>
		<name>yuantong</name>
		<pose>Unspecified</pose>
		<truncated>0</truncated>
		<difficult>0</difficult>
		<bndbox>
			<xmin>794</xmin>
			<ymin>319</ymin>
			<xmax>817</xmax>
			<ymax>335</ymax>
		</bndbox>
	</object>
</annotation>
