<annotation>
	<folder>yuantong</folder>
	<filename>7.jpg</filename>
	<path>E:\LOGO_\LOGO\raw\yuantong\7.jpg</path>
	<source>
		<database>Unknown</database>
	</source>
	<size>
		<width>400</width>
		<height>306</height>
		<depth>3</depth>
	</size>
	<segmented>0</segmented>
	<object>
		<name>yuantong</name>
		<pose>Unspecified</pose>
		<truncated>0</truncated>
		<difficult>0</difficult>
		<bndbox>
			<xmin>273</xmin>
			<ymin>136</ymin>
			<xmax>346</xmax>
			<ymax>171</ymax>
		</bndbox>
	</object>
</annotation>
