<annotation>
	<folder>yuantong</folder>
	<filename>8.jpg</filename>
	<path>E:\LOGO_\LOGO\raw\yuantong\8.jpg</path>
	<source>
		<database>Unknown</database>
	</source>
	<size>
		<width>550</width>
		<height>412</height>
		<depth>3</depth>
	</size>
	<segmented>0</segmented>
	<object>
		<name>yuantong</name>
		<pose>Unspecified</pose>
		<truncated>0</truncated>
		<difficult>0</difficult>
		<bndbox>
			<xmin>225</xmin>
			<ymin>234</ymin>
			<xmax>327</xmax>
			<ymax>261</ymax>
		</bndbox>
	</object>
</annotation>
