<annotation>
	<folder>yuantong</folder>
	<filename>9.jpg</filename>
	<path>E:\LOGO_\LOGO\raw\yuantong\9.jpg</path>
	<source>
		<database>Unknown</database>
	</source>
	<size>
		<width>734</width>
		<height>637</height>
		<depth>3</depth>
	</size>
	<segmented>0</segmented>
	<object>
		<name>yuantong</name>
		<pose>Unspecified</pose>
		<truncated>0</truncated>
		<difficult>0</difficult>
		<bndbox>
			<xmin>643</xmin>
			<ymin>320</ymin>
			<xmax>728</xmax>
			<ymax>377</ymax>
		</bndbox>
	</object>
	<object>
		<name>yuantong</name>
		<pose>Unspecified</pose>
		<truncated>0</truncated>
		<difficult>0</difficult>
		<bndbox>
			<xmin>143</xmin>
			<ymin>358</ymin>
			<xmax>192</xmax>
			<ymax>380</ymax>
		</bndbox>
	</object>
</annotation>
