<annotation>
	<folder>yonghui</folder>
	<filename>1.jpg</filename>
	<path>E:\LOGO_\LOGO\raw\yonghui\1.jpg</path>
	<source>
		<database>Unknown</database>
	</source>
	<size>
		<width>1144</width>
		<height>762</height>
		<depth>3</depth>
	</size>
	<segmented>0</segmented>
	<object>
		<name>yonghui</name>
		<pose>Unspecified</pose>
		<truncated>0</truncated>
		<difficult>0</difficult>
		<bndbox>
			<xmin>368</xmin>
			<ymin>155</ymin>
			<xmax>988</xmax>
			<ymax>333</ymax>
		</bndbox>
	</object>
</annotation>
