<annotation>
	<folder>yonghui</folder>
	<filename>10.jpg</filename>
	<path>E:\LOGO_\LOGO\raw\yonghui\10.jpg</path>
	<source>
		<database>Unknown</database>
	</source>
	<size>
		<width>1080</width>
		<height>729</height>
		<depth>3</depth>
	</size>
	<segmented>0</segmented>
	<object>
		<name>yonghui</name>
		<pose>Unspecified</pose>
		<truncated>0</truncated>
		<difficult>0</difficult>
		<bndbox>
			<xmin>310</xmin>
			<ymin>257</ymin>
			<xmax>510</xmax>
			<ymax>330</ymax>
		</bndbox>
	</object>
	<object>
		<name>yonghui</name>
		<pose>Unspecified</pose>
		<truncated>0</truncated>
		<difficult>0</difficult>
		<bndbox>
			<xmin>593</xmin>
			<ymin>88</ymin>
			<xmax>783</xmax>
			<ymax>169</ymax>
		</bndbox>
	</object>
	<object>
		<name>yonghui</name>
		<pose>Unspecified</pose>
		<truncated>0</truncated>
		<difficult>0</difficult>
		<bndbox>
			<xmin>133</xmin>
			<ymin>2</ymin>
			<xmax>204</xmax>
			<ymax>165</ymax>
		</bndbox>
	</object>
	<object>
		<name>yonghui</name>
		<pose>Unspecified</pose>
		<truncated>0</truncated>
		<difficult>0</difficult>
		<bndbox>
			<xmin>368</xmin>
			<ymin>50</ymin>
			<xmax>481</xmax>
			<ymax>233</ymax>
		</bndbox>
	</object>
	<object>
		<name>yonghui</name>
		<pose>Unspecified</pose>
		<truncated>0</truncated>
		<difficult>0</difficult>
		<bndbox>
			<xmin>649</xmin>
			<ymin>547</ymin>
			<xmax>718</xmax>
			<ymax>612</ymax>
		</bndbox>
	</object>
</annotation>
