<annotation>
	<folder>yonghui</folder>
	<filename>2.jpg</filename>
	<path>E:\LOGO_\LOGO\raw\yonghui\2.jpg</path>
	<source>
		<database>Unknown</database>
	</source>
	<size>
		<width>886</width>
		<height>886</height>
		<depth>3</depth>
	</size>
	<segmented>0</segmented>
	<object>
		<name>yonghui</name>
		<pose>Unspecified</pose>
		<truncated>0</truncated>
		<difficult>0</difficult>
		<bndbox>
			<xmin>31</xmin>
			<ymin>36</ymin>
			<xmax>868</xmax>
			<ymax>848</ymax>
		</bndbox>
	</object>
</annotation>
