<annotation>
	<folder>yonghui</folder>
	<filename>3.jpg</filename>
	<path>E:\LOGO_\LOGO\raw\yonghui\3.jpg</path>
	<source>
		<database>Unknown</database>
	</source>
	<size>
		<width>640</width>
		<height>389</height>
		<depth>3</depth>
	</size>
	<segmented>0</segmented>
	<object>
		<name>yonghui</name>
		<pose>Unspecified</pose>
		<truncated>0</truncated>
		<difficult>0</difficult>
		<bndbox>
			<xmin>12</xmin>
			<ymin>9</ymin>
			<xmax>527</xmax>
			<ymax>361</ymax>
		</bndbox>
	</object>
</annotation>
