<annotation>
	<folder>yonghui</folder>
	<filename>4.jpg</filename>
	<path>E:\LOGO_\LOGO\raw\yonghui\4.jpg</path>
	<source>
		<database>Unknown</database>
	</source>
	<size>
		<width>1080</width>
		<height>693</height>
		<depth>3</depth>
	</size>
	<segmented>0</segmented>
	<object>
		<name>yonghui</name>
		<pose>Unspecified</pose>
		<truncated>0</truncated>
		<difficult>0</difficult>
		<bndbox>
			<xmin>391</xmin>
			<ymin>150</ymin>
			<xmax>810</xmax>
			<ymax>316</ymax>
		</bndbox>
	</object>
</annotation>
