<annotation>
	<folder>yonghui</folder>
	<filename>5.jpg</filename>
	<path>E:\LOGO_\LOGO\raw\yonghui\5.jpg</path>
	<source>
		<database>Unknown</database>
	</source>
	<size>
		<width>600</width>
		<height>450</height>
		<depth>3</depth>
	</size>
	<segmented>0</segmented>
	<object>
		<name>yonghui</name>
		<pose>Unspecified</pose>
		<truncated>0</truncated>
		<difficult>0</difficult>
		<bndbox>
			<xmin>360</xmin>
			<ymin>78</ymin>
			<xmax>542</xmax>
			<ymax>183</ymax>
		</bndbox>
	</object>
</annotation>
