<annotation>
	<folder>yonghui</folder>
	<filename>6.jpg</filename>
	<path>E:\LOGO_\LOGO\raw\yonghui\6.jpg</path>
	<source>
		<database>Unknown</database>
	</source>
	<size>
		<width>640</width>
		<height>366</height>
		<depth>3</depth>
	</size>
	<segmented>0</segmented>
	<object>
		<name>yonghui</name>
		<pose>Unspecified</pose>
		<truncated>1</truncated>
		<difficult>0</difficult>
		<bndbox>
			<xmin>138</xmin>
			<ymin>1</ymin>
			<xmax>229</xmax>
			<ymax>65</ymax>
		</bndbox>
	</object>
</annotation>
