<annotation>
	<folder>yonghui</folder>
	<filename>7.jpg</filename>
	<path>E:\LOGO_\LOGO\raw\yonghui\7.jpg</path>
	<source>
		<database>Unknown</database>
	</source>
	<size>
		<width>500</width>
		<height>500</height>
		<depth>3</depth>
	</size>
	<segmented>0</segmented>
	<object>
		<name>yonghui</name>
		<pose>Unspecified</pose>
		<truncated>0</truncated>
		<difficult>0</difficult>
		<bndbox>
			<xmin>65</xmin>
			<ymin>174</ymin>
			<xmax>421</xmax>
			<ymax>368</ymax>
		</bndbox>
	</object>
</annotation>
