<annotation>
	<folder>yonghui</folder>
	<filename>8.jpg</filename>
	<path>E:\LOGO_\LOGO\raw\yonghui\8.jpg</path>
	<source>
		<database>Unknown</database>
	</source>
	<size>
		<width>580</width>
		<height>320</height>
		<depth>3</depth>
	</size>
	<segmented>0</segmented>
	<object>
		<name>yonghui</name>
		<pose>Unspecified</pose>
		<truncated>0</truncated>
		<difficult>0</difficult>
		<bndbox>
			<xmin>33</xmin>
			<ymin>85</ymin>
			<xmax>179</xmax>
			<ymax>230</ymax>
		</bndbox>
	</object>
	<object>
		<name>yonghui</name>
		<pose>Unspecified</pose>
		<truncated>0</truncated>
		<difficult>0</difficult>
		<bndbox>
			<xmin>211</xmin>
			<ymin>162</ymin>
			<xmax>233</xmax>
			<ymax>174</ymax>
		</bndbox>
	</object>
</annotation>
