<annotation>
	<folder>yonghui</folder>
	<filename>9.jpg</filename>
	<path>E:\LOGO_\LOGO\raw\yonghui\9.jpg</path>
	<source>
		<database>Unknown</database>
	</source>
	<size>
		<width>660</width>
		<height>438</height>
		<depth>3</depth>
	</size>
	<segmented>0</segmented>
	<object>
		<name>yonghui</name>
		<pose>Unspecified</pose>
		<truncated>0</truncated>
		<difficult>0</difficult>
		<bndbox>
			<xmin>398</xmin>
			<ymin>137</ymin>
			<xmax>454</xmax>
			<ymax>162</ymax>
		</bndbox>
	</object>
</annotation>
