<annotation>
	<folder>t_volvo</folder>
	<filename>1.jpg</filename>
	<path>E:\LOGO_\LOGO\raw\t_volvo\1.jpg</path>
	<source>
		<database>Unknown</database>
	</source>
	<size>
		<width>800</width>
		<height>600</height>
		<depth>3</depth>
	</size>
	<segmented>0</segmented>
	<object>
		<name>volvo</name>
		<pose>Unspecified</pose>
		<truncated>0</truncated>
		<difficult>0</difficult>
		<bndbox>
			<xmin>100</xmin>
			<ymin>9</ymin>
			<xmax>252</xmax>
			<ymax>156</ymax>
		</bndbox>
	</object>
	<object>
		<name>volvo</name>
		<pose>Unspecified</pose>
		<truncated>0</truncated>
		<difficult>0</difficult>
		<bndbox>
			<xmin>494</xmin>
			<ymin>369</ymin>
			<xmax>510</xmax>
			<ymax>383</ymax>
		</bndbox>
	</object>
</annotation>
