<annotation>
	<folder>t_volvo</folder>
	<filename>10.jpg</filename>
	<path>E:\LOGO_\LOGO\raw\t_volvo\10.jpg</path>
	<source>
		<database>Unknown</database>
	</source>
	<size>
		<width>480</width>
		<height>270</height>
		<depth>3</depth>
	</size>
	<segmented>0</segmented>
	<object>
		<name>volvo</name>
		<pose>Unspecified</pose>
		<truncated>0</truncated>
		<difficult>0</difficult>
		<bndbox>
			<xmin>97</xmin>
			<ymin>16</ymin>
			<xmax>334</xmax>
			<ymax>44</ymax>
		</bndbox>
	</object>
</annotation>
