<annotation>
	<folder>t_volvo</folder>
	<filename>11.jpg</filename>
	<path>E:\LOGO_\LOGO\raw\t_volvo\11.jpg</path>
	<source>
		<database>Unknown</database>
	</source>
	<size>
		<width>275</width>
		<height>183</height>
		<depth>3</depth>
	</size>
	<segmented>0</segmented>
	<object>
		<name>volvo</name>
		<pose>Unspecified</pose>
		<truncated>0</truncated>
		<difficult>0</difficult>
		<bndbox>
			<xmin>162</xmin>
			<ymin>16</ymin>
			<xmax>200</xmax>
			<ymax>36</ymax>
		</bndbox>
	</object>
	<object>
		<name>volvo</name>
		<pose>Unspecified</pose>
		<truncated>0</truncated>
		<difficult>0</difficult>
		<bndbox>
			<xmin>70</xmin>
			<ymin>59</ymin>
			<xmax>97</xmax>
			<ymax>72</ymax>
		</bndbox>
	</object>
</annotation>
