<annotation>
	<folder>t_volvo</folder>
	<filename>12.jpg</filename>
	<path>E:\LOGO_\LOGO\raw\t_volvo\12.jpg</path>
	<source>
		<database>Unknown</database>
	</source>
	<size>
		<width>1000</width>
		<height>494</height>
		<depth>3</depth>
	</size>
	<segmented>0</segmented>
	<object>
		<name>volvo</name>
		<pose>Unspecified</pose>
		<truncated>0</truncated>
		<difficult>0</difficult>
		<bndbox>
			<xmin>181</xmin>
			<ymin>17</ymin>
			<xmax>841</xmax>
			<ymax>131</ymax>
		</bndbox>
	</object>
	<object>
		<name>volvo</name>
		<pose>Unspecified</pose>
		<truncated>0</truncated>
		<difficult>0</difficult>
		<bndbox>
			<xmin>763</xmin>
			<ymin>247</ymin>
			<xmax>814</xmax>
			<ymax>266</ymax>
		</bndbox>
	</object>
	<object>
		<name>volvo</name>
		<pose>Unspecified</pose>
		<truncated>0</truncated>
		<difficult>0</difficult>
		<bndbox>
			<xmin>709</xmin>
			<ymin>419</ymin>
			<xmax>816</xmax>
			<ymax>445</ymax>
		</bndbox>
	</object>
</annotation>
