<annotation>
	<folder>t_volvo</folder>
	<filename>2.jpg</filename>
	<path>E:\LOGO_\LOGO\raw\t_volvo\2.jpg</path>
	<source>
		<database>Unknown</database>
	</source>
	<size>
		<width>800</width>
		<height>600</height>
		<depth>3</depth>
	</size>
	<segmented>0</segmented>
	<object>
		<name>volvo</name>
		<pose>Unspecified</pose>
		<truncated>0</truncated>
		<difficult>0</difficult>
		<bndbox>
			<xmin>267</xmin>
			<ymin>232</ymin>
			<xmax>455</xmax>
			<ymax>325</ymax>
		</bndbox>
	</object>
</annotation>
