<annotation>
	<folder>t_volvo</folder>
	<filename>3.jpg</filename>
	<path>E:\LOGO_\LOGO\raw\t_volvo\3.jpg</path>
	<source>
		<database>Unknown</database>
	</source>
	<size>
		<width>1300</width>
		<height>866</height>
		<depth>3</depth>
	</size>
	<segmented>0</segmented>
	<object>
		<name>volvo</name>
		<pose>Unspecified</pose>
		<truncated>0</truncated>
		<difficult>0</difficult>
		<bndbox>
			<xmin>469</xmin>
			<ymin>251</ymin>
			<xmax>864</xmax>
			<ymax>589</ymax>
		</bndbox>
	</object>
</annotation>
