<annotation>
	<folder>t_volvo</folder>
	<filename>4.jpg</filename>
	<path>E:\LOGO_\LOGO\raw\t_volvo\4.jpg</path>
	<source>
		<database>Unknown</database>
	</source>
	<size>
		<width>1280</width>
		<height>720</height>
		<depth>3</depth>
	</size>
	<segmented>0</segmented>
	<object>
		<name>volvo</name>
		<pose>Unspecified</pose>
		<truncated>0</truncated>
		<difficult>0</difficult>
		<bndbox>
			<xmin>222</xmin>
			<ymin>131</ymin>
			<xmax>365</xmax>
			<ymax>273</ymax>
		</bndbox>
	</object>
	<object>
		<name>volvo</name>
		<pose>Unspecified</pose>
		<truncated>0</truncated>
		<difficult>0</difficult>
		<bndbox>
			<xmin>962</xmin>
			<ymin>305</ymin>
			<xmax>1118</xmax>
			<ymax>338</ymax>
		</bndbox>
	</object>
</annotation>
