<annotation>
	<folder>t_volvo</folder>
	<filename>5.jpg</filename>
	<path>E:\LOGO_\LOGO\raw\t_volvo\5.jpg</path>
	<source>
		<database>Unknown</database>
	</source>
	<size>
		<width>1024</width>
		<height>768</height>
		<depth>3</depth>
	</size>
	<segmented>0</segmented>
	<object>
		<name>volvo</name>
		<pose>Unspecified</pose>
		<truncated>0</truncated>
		<difficult>0</difficult>
		<bndbox>
			<xmin>849</xmin>
			<ymin>410</ymin>
			<xmax>954</xmax>
			<ymax>434</ymax>
		</bndbox>
	</object>
	<object>
		<name>volvo</name>
		<pose>Unspecified</pose>
		<truncated>0</truncated>
		<difficult>0</difficult>
		<bndbox>
			<xmin>791</xmin>
			<ymin>211</ymin>
			<xmax>844</xmax>
			<ymax>238</ymax>
		</bndbox>
	</object>
	<object>
		<name>volvo</name>
		<pose>Unspecified</pose>
		<truncated>0</truncated>
		<difficult>0</difficult>
		<bndbox>
			<xmin>567</xmin>
			<ymin>245</ymin>
			<xmax>609</xmax>
			<ymax>261</ymax>
		</bndbox>
	</object>
	<object>
		<name>volvo</name>
		<pose>Unspecified</pose>
		<truncated>0</truncated>
		<difficult>0</difficult>
		<bndbox>
			<xmin>407</xmin>
			<ymin>270</ymin>
			<xmax>444</xmax>
			<ymax>289</ymax>
		</bndbox>
	</object>
</annotation>
