<annotation>
	<folder>t_volvo</folder>
	<filename>6.jpg</filename>
	<path>E:\LOGO_\LOGO\raw\t_volvo\6.jpg</path>
	<source>
		<database>Unknown</database>
	</source>
	<size>
		<width>800</width>
		<height>533</height>
		<depth>3</depth>
	</size>
	<segmented>0</segmented>
	<object>
		<name>volvo</name>
		<pose>Unspecified</pose>
		<truncated>0</truncated>
		<difficult>0</difficult>
		<bndbox>
			<xmin>218</xmin>
			<ymin>138</ymin>
			<xmax>557</xmax>
			<ymax>211</ymax>
		</bndbox>
	</object>
</annotation>
