<annotation>
	<folder>t_volvo</folder>
	<filename>7.jpg</filename>
	<path>E:\LOGO_\LOGO\raw\t_volvo\7.jpg</path>
	<source>
		<database>Unknown</database>
	</source>
	<size>
		<width>960</width>
		<height>640</height>
		<depth>3</depth>
	</size>
	<segmented>0</segmented>
	<object>
		<name>volvo</name>
		<pose>Unspecified</pose>
		<truncated>0</truncated>
		<difficult>0</difficult>
		<bndbox>
			<xmin>269</xmin>
			<ymin>54</ymin>
			<xmax>669</xmax>
			<ymax>566</ymax>
		</bndbox>
	</object>
</annotation>
