<annotation>
	<folder>t_volvo</folder>
	<filename>8.jpg</filename>
	<path>E:\LOGO_\LOGO\raw\t_volvo\8.jpg</path>
	<source>
		<database>Unknown</database>
	</source>
	<size>
		<width>311</width>
		<height>162</height>
		<depth>3</depth>
	</size>
	<segmented>0</segmented>
	<object>
		<name>volvo</name>
		<pose>Unspecified</pose>
		<truncated>0</truncated>
		<difficult>0</difficult>
		<bndbox>
			<xmin>65</xmin>
			<ymin>34</ymin>
			<xmax>110</xmax>
			<ymax>47</ymax>
		</bndbox>
	</object>
</annotation>
