<annotation>
	<folder>t_volvo</folder>
	<filename>9.jpg</filename>
	<path>E:\LOGO_\LOGO\raw\t_volvo\9.jpg</path>
	<source>
		<database>Unknown</database>
	</source>
	<size>
		<width>1200</width>
		<height>876</height>
		<depth>3</depth>
	</size>
	<segmented>0</segmented>
	<object>
		<name>volvo</name>
		<pose>Unspecified</pose>
		<truncated>0</truncated>
		<difficult>0</difficult>
		<bndbox>
			<xmin>311</xmin>
			<ymin>194</ymin>
			<xmax>646</xmax>
			<ymax>278</ymax>
		</bndbox>
	</object>
	<object>
		<name>volvo</name>
		<pose>Unspecified</pose>
		<truncated>0</truncated>
		<difficult>0</difficult>
		<bndbox>
			<xmin>582</xmin>
			<ymin>594</ymin>
			<xmax>606</xmax>
			<ymax>616</ymax>
		</bndbox>
	</object>
	<object>
		<name>volvo</name>
		<pose>Unspecified</pose>
		<truncated>0</truncated>
		<difficult>0</difficult>
		<bndbox>
			<xmin>869</xmin>
			<ymin>459</ymin>
			<xmax>914</xmax>
			<ymax>508</ymax>
		</bndbox>
	</object>
</annotation>
