<annotation>
	<folder>t_toshiba</folder>
	<filename>1.jpg</filename>
	<path>E:\LOGO_\LOGO\raw\t_toshiba\1.jpg</path>
	<source>
		<database>Unknown</database>
	</source>
	<size>
		<width>1920</width>
		<height>1080</height>
		<depth>3</depth>
	</size>
	<segmented>0</segmented>
	<object>
		<name>toshiba</name>
		<pose>Unspecified</pose>
		<truncated>0</truncated>
		<difficult>0</difficult>
		<bndbox>
			<xmin>987</xmin>
			<ymin>523</ymin>
			<xmax>1231</xmax>
			<ymax>623</ymax>
		</bndbox>
	</object>
</annotation>
