<annotation>
	<folder>t_toshiba</folder>
	<filename>10.jpg</filename>
	<path>E:\LOGO_\LOGO\raw\t_toshiba\10.jpg</path>
	<source>
		<database>Unknown</database>
	</source>
	<size>
		<width>467</width>
		<height>650</height>
		<depth>3</depth>
	</size>
	<segmented>0</segmented>
	<object>
		<name>toshiba</name>
		<pose>Unspecified</pose>
		<truncated>0</truncated>
		<difficult>0</difficult>
		<bndbox>
			<xmin>38</xmin>
			<ymin>83</ymin>
			<xmax>181</xmax>
			<ymax>112</ymax>
		</bndbox>
	</object>
</annotation>
