<annotation>
	<folder>t_toshiba</folder>
	<filename>11.jpg</filename>
	<path>E:\LOGO_\LOGO\raw\t_toshiba\11.jpg</path>
	<source>
		<database>Unknown</database>
	</source>
	<size>
		<width>256</width>
		<height>256</height>
		<depth>3</depth>
	</size>
	<segmented>0</segmented>
	<object>
		<name>toshiba</name>
		<pose>Unspecified</pose>
		<truncated>0</truncated>
		<difficult>0</difficult>
		<bndbox>
			<xmin>50</xmin>
			<ymin>50</ymin>
			<xmax>204</xmax>
			<ymax>83</ymax>
		</bndbox>
	</object>
</annotation>
