<annotation>
	<folder>t_toshiba</folder>
	<filename>12.jpg</filename>
	<path>E:\LOGO_\LOGO\raw\t_toshiba\12.jpg</path>
	<source>
		<database>Unknown</database>
	</source>
	<size>
		<width>600</width>
		<height>600</height>
		<depth>3</depth>
	</size>
	<segmented>0</segmented>
	<object>
		<name>toshiba</name>
		<pose>Unspecified</pose>
		<truncated>0</truncated>
		<difficult>0</difficult>
		<bndbox>
			<xmin>121</xmin>
			<ymin>222</ymin>
			<xmax>172</xmax>
			<ymax>489</ymax>
		</bndbox>
	</object>
	<object>
		<name>toshiba</name>
		<pose>Unspecified</pose>
		<truncated>0</truncated>
		<difficult>0</difficult>
		<bndbox>
			<xmin>224</xmin>
			<ymin>197</ymin>
			<xmax>289</xmax>
			<ymax>545</ymax>
		</bndbox>
	</object>
	<object>
		<name>toshiba</name>
		<pose>Unspecified</pose>
		<truncated>0</truncated>
		<difficult>0</difficult>
		<bndbox>
			<xmin>354</xmin>
			<ymin>175</ymin>
			<xmax>407</xmax>
			<ymax>520</ymax>
		</bndbox>
	</object>
	<object>
		<name>toshiba</name>
		<pose>Unspecified</pose>
		<truncated>0</truncated>
		<difficult>0</difficult>
		<bndbox>
			<xmin>449</xmin>
			<ymin>233</ymin>
			<xmax>491</xmax>
			<ymax>484</ymax>
		</bndbox>
	</object>
</annotation>
