<annotation>
	<folder>t_toshiba</folder>
	<filename>2.jpg</filename>
	<path>E:\LOGO_\LOGO\raw\t_toshiba\2.jpg</path>
	<source>
		<database>Unknown</database>
	</source>
	<size>
		<width>1000</width>
		<height>1500</height>
		<depth>3</depth>
	</size>
	<segmented>0</segmented>
	<object>
		<name>toshiba</name>
		<pose>Unspecified</pose>
		<truncated>0</truncated>
		<difficult>0</difficult>
		<bndbox>
			<xmin>292</xmin>
			<ymin>387</ymin>
			<xmax>489</xmax>
			<ymax>439</ymax>
		</bndbox>
	</object>
</annotation>
