<annotation>
	<folder>t_toshiba</folder>
	<filename>3.jpg</filename>
	<path>E:\LOGO_\LOGO\raw\t_toshiba\3.jpg</path>
	<source>
		<database>Unknown</database>
	</source>
	<size>
		<width>300</width>
		<height>300</height>
		<depth>3</depth>
	</size>
	<segmented>0</segmented>
	<object>
		<name>toshiba</name>
		<pose>Unspecified</pose>
		<truncated>1</truncated>
		<difficult>0</difficult>
		<bndbox>
			<xmin>1</xmin>
			<ymin>1</ymin>
			<xmax>300</xmax>
			<ymax>41</ymax>
		</bndbox>
	</object>
	<object>
		<name>toshiba</name>
		<pose>Unspecified</pose>
		<truncated>0</truncated>
		<difficult>0</difficult>
		<bndbox>
			<xmin>161</xmin>
			<ymin>199</ymin>
			<xmax>204</xmax>
			<ymax>211</ymax>
		</bndbox>
	</object>
</annotation>
