<annotation>
	<folder>t_toshiba</folder>
	<filename>4.jpg</filename>
	<path>E:\LOGO_\LOGO\raw\t_toshiba\4.jpg</path>
	<source>
		<database>Unknown</database>
	</source>
	<size>
		<width>1600</width>
		<height>1017</height>
		<depth>3</depth>
	</size>
	<segmented>0</segmented>
	<object>
		<name>toshiba</name>
		<pose>Unspecified</pose>
		<truncated>0</truncated>
		<difficult>0</difficult>
		<bndbox>
			<xmin>976</xmin>
			<ymin>641</ymin>
			<xmax>1482</xmax>
			<ymax>796</ymax>
		</bndbox>
	</object>
	<object>
		<name>toshiba</name>
		<pose>Unspecified</pose>
		<truncated>0</truncated>
		<difficult>0</difficult>
		<bndbox>
			<xmin>789</xmin>
			<ymin>425</ymin>
			<xmax>1339</xmax>
			<ymax>530</ymax>
		</bndbox>
	</object>
	<object>
		<name>toshiba</name>
		<pose>Unspecified</pose>
		<truncated>0</truncated>
		<difficult>0</difficult>
		<bndbox>
			<xmin>544</xmin>
			<ymin>235</ymin>
			<xmax>1048</xmax>
			<ymax>403</ymax>
		</bndbox>
	</object>
	<object>
		<name>toshiba</name>
		<pose>Unspecified</pose>
		<truncated>0</truncated>
		<difficult>0</difficult>
		<bndbox>
			<xmin>248</xmin>
			<ymin>71</ymin>
			<xmax>689</xmax>
			<ymax>330</ymax>
		</bndbox>
	</object>
	<object>
		<name>toshiba</name>
		<pose>Unspecified</pose>
		<truncated>1</truncated>
		<difficult>0</difficult>
		<bndbox>
			<xmin>1</xmin>
			<ymin>78</ymin>
			<xmax>189</xmax>
			<ymax>346</ymax>
		</bndbox>
	</object>
</annotation>
