<annotation>
	<folder>t_toshiba</folder>
	<filename>5.jpg</filename>
	<path>E:\LOGO_\LOGO\raw\t_toshiba\5.jpg</path>
	<source>
		<database>Unknown</database>
	</source>
	<size>
		<width>1024</width>
		<height>683</height>
		<depth>3</depth>
	</size>
	<segmented>0</segmented>
	<object>
		<name>toshiba</name>
		<pose>Unspecified</pose>
		<truncated>0</truncated>
		<difficult>0</difficult>
		<bndbox>
			<xmin>126</xmin>
			<ymin>24</ymin>
			<xmax>970</xmax>
			<ymax>170</ymax>
		</bndbox>
	</object>
	<object>
		<name>toshiba</name>
		<pose>Unspecified</pose>
		<truncated>0</truncated>
		<difficult>0</difficult>
		<bndbox>
			<xmin>326</xmin>
			<ymin>553</ymin>
			<xmax>613</xmax>
			<ymax>621</ymax>
		</bndbox>
	</object>
</annotation>
