<annotation>
	<folder>t_toshiba</folder>
	<filename>6.jpg</filename>
	<path>E:\LOGO_\LOGO\raw\t_toshiba\6.jpg</path>
	<source>
		<database>Unknown</database>
	</source>
	<size>
		<width>1600</width>
		<height>900</height>
		<depth>3</depth>
	</size>
	<segmented>0</segmented>
	<object>
		<name>toshiba</name>
		<pose>Unspecified</pose>
		<truncated>0</truncated>
		<difficult>0</difficult>
		<bndbox>
			<xmin>567</xmin>
			<ymin>126</ymin>
			<xmax>901</xmax>
			<ymax>282</ymax>
		</bndbox>
	</object>
</annotation>
