<annotation>
	<folder>t_toshiba</folder>
	<filename>7.jpg</filename>
	<path>E:\LOGO_\LOGO\raw\t_toshiba\7.jpg</path>
	<source>
		<database>Unknown</database>
	</source>
	<size>
		<width>270</width>
		<height>187</height>
		<depth>3</depth>
	</size>
	<segmented>0</segmented>
	<object>
		<name>toshiba</name>
		<pose>Unspecified</pose>
		<truncated>0</truncated>
		<difficult>0</difficult>
		<bndbox>
			<xmin>111</xmin>
			<ymin>22</ymin>
			<xmax>240</xmax>
			<ymax>94</ymax>
		</bndbox>
	</object>
</annotation>
