<annotation>
	<folder>t_toshiba</folder>
	<filename>8.jpg</filename>
	<path>E:\LOGO_\LOGO\raw\t_toshiba\8.jpg</path>
	<source>
		<database>Unknown</database>
	</source>
	<size>
		<width>800</width>
		<height>800</height>
		<depth>3</depth>
	</size>
	<segmented>0</segmented>
	<object>
		<name>toshiba</name>
		<pose>Unspecified</pose>
		<truncated>0</truncated>
		<difficult>0</difficult>
		<bndbox>
			<xmin>348</xmin>
			<ymin>118</ymin>
			<xmax>652</xmax>
			<ymax>261</ymax>
		</bndbox>
	</object>
</annotation>
