<annotation>
	<folder>t_toshiba</folder>
	<filename>9.jpg</filename>
	<path>E:\LOGO_\LOGO\raw\t_toshiba\9.jpg</path>
	<source>
		<database>Unknown</database>
	</source>
	<size>
		<width>400</width>
		<height>300</height>
		<depth>3</depth>
	</size>
	<segmented>0</segmented>
	<object>
		<name>toshiba</name>
		<pose>Unspecified</pose>
		<truncated>0</truncated>
		<difficult>0</difficult>
		<bndbox>
			<xmin>214</xmin>
			<ymin>109</ymin>
			<xmax>300</xmax>
			<ymax>155</ymax>
		</bndbox>
	</object>
</annotation>
