<annotation>
	<folder>starbucks</folder>
	<filename>1.jpg</filename>
	<path>E:\LOGO_\LOGO\raw\starbucks\1.jpg</path>
	<source>
		<database>Unknown</database>
	</source>
	<size>
		<width>745</width>
		<height>358</height>
		<depth>3</depth>
	</size>
	<segmented>0</segmented>
	<object>
		<name>starbucks</name>
		<pose>Unspecified</pose>
		<truncated>0</truncated>
		<difficult>0</difficult>
		<bndbox>
			<xmin>212</xmin>
			<ymin>43</ymin>
			<xmax>519</xmax>
			<ymax>316</ymax>
		</bndbox>
	</object>
</annotation>
