<annotation>
	<folder>starbucks</folder>
	<filename>10.jpg</filename>
	<path>E:\LOGO_\LOGO\raw\starbucks\10.jpg</path>
	<source>
		<database>Unknown</database>
	</source>
	<size>
		<width>533</width>
		<height>300</height>
		<depth>3</depth>
	</size>
	<segmented>0</segmented>
	<object>
		<name>starbucks</name>
		<pose>Unspecified</pose>
		<truncated>0</truncated>
		<difficult>0</difficult>
		<bndbox>
			<xmin>211</xmin>
			<ymin>87</ymin>
			<xmax>251</xmax>
			<ymax>134</ymax>
		</bndbox>
	</object>
	<object>
		<name>starbucks</name>
		<pose>Unspecified</pose>
		<truncated>0</truncated>
		<difficult>0</difficult>
		<bndbox>
			<xmin>147</xmin>
			<ymin>95</ymin>
			<xmax>185</xmax>
			<ymax>138</ymax>
		</bndbox>
	</object>
</annotation>
