<annotation>
	<folder>starbucks</folder>
	<filename>11.jpg</filename>
	<path>E:\LOGO_\LOGO\raw\starbucks\11.jpg</path>
	<source>
		<database>Unknown</database>
	</source>
	<size>
		<width>500</width>
		<height>334</height>
		<depth>3</depth>
	</size>
	<segmented>0</segmented>
	<object>
		<name>starbucks</name>
		<pose>Unspecified</pose>
		<truncated>0</truncated>
		<difficult>0</difficult>
		<bndbox>
			<xmin>253</xmin>
			<ymin>85</ymin>
			<xmax>402</xmax>
			<ymax>231</ymax>
		</bndbox>
	</object>
</annotation>
