<annotation>
	<folder>starbucks</folder>
	<filename>12.jpg</filename>
	<path>E:\LOGO_\LOGO\raw\starbucks\12.jpg</path>
	<source>
		<database>Unknown</database>
	</source>
	<size>
		<width>550</width>
		<height>367</height>
		<depth>3</depth>
	</size>
	<segmented>0</segmented>
	<object>
		<name>starbucks</name>
		<pose>Unspecified</pose>
		<truncated>0</truncated>
		<difficult>0</difficult>
		<bndbox>
			<xmin>241</xmin>
			<ymin>91</ymin>
			<xmax>300</xmax>
			<ymax>152</ymax>
		</bndbox>
	</object>
</annotation>
