<annotation>
	<folder>starbucks</folder>
	<filename>13.jpg</filename>
	<path>E:\LOGO_\LOGO\raw\starbucks\13.jpg</path>
	<source>
		<database>Unknown</database>
	</source>
	<size>
		<width>500</width>
		<height>321</height>
		<depth>3</depth>
	</size>
	<segmented>0</segmented>
	<object>
		<name>starbucks</name>
		<pose>Unspecified</pose>
		<truncated>0</truncated>
		<difficult>0</difficult>
		<bndbox>
			<xmin>77</xmin>
			<ymin>72</ymin>
			<xmax>169</xmax>
			<ymax>192</ymax>
		</bndbox>
	</object>
</annotation>
