<annotation>
	<folder>starbucks</folder>
	<filename>14.jpg</filename>
	<path>E:\LOGO_\LOGO\raw\starbucks\14.jpg</path>
	<source>
		<database>Unknown</database>
	</source>
	<size>
		<width>750</width>
		<height>502</height>
		<depth>3</depth>
	</size>
	<segmented>0</segmented>
	<object>
		<name>starbucks</name>
		<pose>Unspecified</pose>
		<truncated>0</truncated>
		<difficult>0</difficult>
		<bndbox>
			<xmin>87</xmin>
			<ymin>262</ymin>
			<xmax>122</xmax>
			<ymax>299</ymax>
		</bndbox>
	</object>
</annotation>
