<annotation>
	<folder>starbucks</folder>
	<filename>15.jpg</filename>
	<path>E:\LOGO_\LOGO\raw\starbucks\15.jpg</path>
	<source>
		<database>Unknown</database>
	</source>
	<size>
		<width>500</width>
		<height>333</height>
		<depth>3</depth>
	</size>
	<segmented>0</segmented>
	<object>
		<name>starbucks</name>
		<pose>Unspecified</pose>
		<truncated>0</truncated>
		<difficult>0</difficult>
		<bndbox>
			<xmin>185</xmin>
			<ymin>170</ymin>
			<xmax>244</xmax>
			<ymax>235</ymax>
		</bndbox>
	</object>
</annotation>
