<annotation>
	<folder>starbucks</folder>
	<filename>2.jpg</filename>
	<path>E:\LOGO_\LOGO\raw\starbucks\2.jpg</path>
	<source>
		<database>Unknown</database>
	</source>
	<size>
		<width>500</width>
		<height>352</height>
		<depth>3</depth>
	</size>
	<segmented>0</segmented>
	<object>
		<name>starbucks</name>
		<pose>Unspecified</pose>
		<truncated>0</truncated>
		<difficult>0</difficult>
		<bndbox>
			<xmin>71</xmin>
			<ymin>59</ymin>
			<xmax>219</xmax>
			<ymax>192</ymax>
		</bndbox>
	</object>
	<object>
		<name>starbucks</name>
		<pose>Unspecified</pose>
		<truncated>0</truncated>
		<difficult>0</difficult>
		<bndbox>
			<xmin>367</xmin>
			<ymin>138</ymin>
			<xmax>473</xmax>
			<ymax>263</ymax>
		</bndbox>
	</object>
</annotation>
