<annotation>
	<folder>starbucks</folder>
	<filename>4.jpg</filename>
	<path>E:\LOGO_\LOGO\raw\starbucks\4.jpg</path>
	<source>
		<database>Unknown</database>
	</source>
	<size>
		<width>423</width>
		<height>298</height>
		<depth>3</depth>
	</size>
	<segmented>0</segmented>
	<object>
		<name>starbucks</name>
		<pose>Unspecified</pose>
		<truncated>1</truncated>
		<difficult>0</difficult>
		<bndbox>
			<xmin>114</xmin>
			<ymin>6</ymin>
			<xmax>298</xmax>
			<ymax>298</ymax>
		</bndbox>
	</object>
</annotation>
