<annotation>
	<folder>starbucks</folder>
	<filename>5.jpg</filename>
	<path>E:\LOGO_\LOGO\raw\starbucks\5.jpg</path>
	<source>
		<database>Unknown</database>
	</source>
	<size>
		<width>500</width>
		<height>316</height>
		<depth>3</depth>
	</size>
	<segmented>0</segmented>
	<object>
		<name>starbucks</name>
		<pose>Unspecified</pose>
		<truncated>1</truncated>
		<difficult>0</difficult>
		<bndbox>
			<xmin>1</xmin>
			<ymin>97</ymin>
			<xmax>36</xmax>
			<ymax>137</ymax>
		</bndbox>
	</object>
	<object>
		<name>starbucks</name>
		<pose>Unspecified</pose>
		<truncated>0</truncated>
		<difficult>0</difficult>
		<bndbox>
			<xmin>279</xmin>
			<ymin>146</ymin>
			<xmax>447</xmax>
			<ymax>314</ymax>
		</bndbox>
	</object>
	<object>
		<name>starbucks</name>
		<pose>Unspecified</pose>
		<truncated>0</truncated>
		<difficult>0</difficult>
		<bndbox>
			<xmin>97</xmin>
			<ymin>121</ymin>
			<xmax>122</xmax>
			<ymax>151</ymax>
		</bndbox>
	</object>
</annotation>
