<annotation>
	<folder>starbucks</folder>
	<filename>6.jpg</filename>
	<path>E:\LOGO_\LOGO\raw\starbucks\6.jpg</path>
	<source>
		<database>Unknown</database>
	</source>
	<size>
		<width>290</width>
		<height>290</height>
		<depth>3</depth>
	</size>
	<segmented>0</segmented>
	<object>
		<name>starbucks</name>
		<pose>Unspecified</pose>
		<truncated>0</truncated>
		<difficult>0</difficult>
		<bndbox>
			<xmin>87</xmin>
			<ymin>38</ymin>
			<xmax>148</xmax>
			<ymax>92</ymax>
		</bndbox>
	</object>
	<object>
		<name>starbucks</name>
		<pose>Unspecified</pose>
		<truncated>0</truncated>
		<difficult>0</difficult>
		<bndbox>
			<xmin>107</xmin>
			<ymin>111</ymin>
			<xmax>136</xmax>
			<ymax>141</ymax>
		</bndbox>
	</object>
	<object>
		<name>starbucks</name>
		<pose>Unspecified</pose>
		<truncated>0</truncated>
		<difficult>0</difficult>
		<bndbox>
			<xmin>222</xmin>
			<ymin>109</ymin>
			<xmax>283</xmax>
			<ymax>153</ymax>
		</bndbox>
	</object>
	<object>
		<name>starbucks</name>
		<pose>Unspecified</pose>
		<truncated>0</truncated>
		<difficult>0</difficult>
		<bndbox>
			<xmin>203</xmin>
			<ymin>183</ymin>
			<xmax>245</xmax>
			<ymax>211</ymax>
		</bndbox>
	</object>
	<object>
		<name>starbucks</name>
		<pose>Unspecified</pose>
		<truncated>0</truncated>
		<difficult>0</difficult>
		<bndbox>
			<xmin>68</xmin>
			<ymin>199</ymin>
			<xmax>109</xmax>
			<ymax>215</ymax>
		</bndbox>
	</object>
</annotation>
