<annotation>
	<folder>starbucks</folder>
	<filename>7.jpg</filename>
	<path>E:\LOGO_\LOGO\raw\starbucks\7.jpg</path>
	<source>
		<database>Unknown</database>
	</source>
	<size>
		<width>421</width>
		<height>686</height>
		<depth>3</depth>
	</size>
	<segmented>0</segmented>
	<object>
		<name>starbucks</name>
		<pose>Unspecified</pose>
		<truncated>0</truncated>
		<difficult>0</difficult>
		<bndbox>
			<xmin>245</xmin>
			<ymin>33</ymin>
			<xmax>367</xmax>
			<ymax>155</ymax>
		</bndbox>
	</object>
</annotation>
