<annotation>
	<folder>starbucks</folder>
	<filename>8.jpg</filename>
	<path>E:\LOGO_\LOGO\raw\starbucks\8.jpg</path>
	<source>
		<database>Unknown</database>
	</source>
	<size>
		<width>500</width>
		<height>346</height>
		<depth>3</depth>
	</size>
	<segmented>0</segmented>
	<object>
		<name>starbucks</name>
		<pose>Unspecified</pose>
		<truncated>0</truncated>
		<difficult>0</difficult>
		<bndbox>
			<xmin>13</xmin>
			<ymin>74</ymin>
			<xmax>166</xmax>
			<ymax>197</ymax>
		</bndbox>
	</object>
	<object>
		<name>starbucks</name>
		<pose>Unspecified</pose>
		<truncated>0</truncated>
		<difficult>0</difficult>
		<bndbox>
			<xmin>166</xmin>
			<ymin>60</ymin>
			<xmax>312</xmax>
			<ymax>178</ymax>
		</bndbox>
	</object>
	<object>
		<name>starbucks</name>
		<pose>Unspecified</pose>
		<truncated>0</truncated>
		<difficult>0</difficult>
		<bndbox>
			<xmin>312</xmin>
			<ymin>52</ymin>
			<xmax>456</xmax>
			<ymax>172</ymax>
		</bndbox>
	</object>
	<object>
		<name>starbucks</name>
		<pose>Unspecified</pose>
		<truncated>0</truncated>
		<difficult>0</difficult>
		<bndbox>
			<xmin>10</xmin>
			<ymin>196</ymin>
			<xmax>174</xmax>
			<ymax>341</ymax>
		</bndbox>
	</object>
	<object>
		<name>starbucks</name>
		<pose>Unspecified</pose>
		<truncated>0</truncated>
		<difficult>0</difficult>
		<bndbox>
			<xmin>175</xmin>
			<ymin>178</ymin>
			<xmax>329</xmax>
			<ymax>314</ymax>
		</bndbox>
	</object>
	<object>
		<name>starbucks</name>
		<pose>Unspecified</pose>
		<truncated>0</truncated>
		<difficult>0</difficult>
		<bndbox>
			<xmin>329</xmin>
			<ymin>171</ymin>
			<xmax>488</xmax>
			<ymax>307</ymax>
		</bndbox>
	</object>
</annotation>
