<annotation>
	<folder>emblem</folder>
	<filename>1.jpg</filename>
	<path>E:\LOGO_\LOGO\raw\emblem\1.jpg</path>
	<source>
		<database>Unknown</database>
	</source>
	<size>
		<width>500</width>
		<height>369</height>
		<depth>3</depth>
	</size>
	<segmented>0</segmented>
	<object>
		<name>emblem</name>
		<pose>Unspecified</pose>
		<truncated>0</truncated>
		<difficult>0</difficult>
		<bndbox>
			<xmin>242</xmin>
			<ymin>148</ymin>
			<xmax>258</xmax>
			<ymax>165</ymax>
		</bndbox>
	</object>
</annotation>
