<annotation>
	<folder>emblem</folder>
	<filename>10.jpg</filename>
	<path>E:\LOGO_\LOGO\raw\emblem\10.jpg</path>
	<source>
		<database>Unknown</database>
	</source>
	<size>
		<width>400</width>
		<height>232</height>
		<depth>3</depth>
	</size>
	<segmented>0</segmented>
	<object>
		<name>emblem</name>
		<pose>Unspecified</pose>
		<truncated>0</truncated>
		<difficult>0</difficult>
		<bndbox>
			<xmin>214</xmin>
			<ymin>59</ymin>
			<xmax>239</xmax>
			<ymax>95</ymax>
		</bndbox>
	</object>
</annotation>
