<annotation>
	<folder>emblem</folder>
	<filename>3.jpg</filename>
	<path>E:\LOGO_\LOGO\raw\emblem\3.jpg</path>
	<source>
		<database>Unknown</database>
	</source>
	<size>
		<width>400</width>
		<height>265</height>
		<depth>3</depth>
	</size>
	<segmented>0</segmented>
	<object>
		<name>emblem</name>
		<pose>Unspecified</pose>
		<truncated>0</truncated>
		<difficult>0</difficult>
		<bndbox>
			<xmin>97</xmin>
			<ymin>42</ymin>
			<xmax>140</xmax>
			<ymax>87</ymax>
		</bndbox>
	</object>
</annotation>
