<annotation>
	<folder>emblem</folder>
	<filename>4.jpg</filename>
	<path>E:\LOGO_\LOGO\raw\emblem\4.jpg</path>
	<source>
		<database>Unknown</database>
	</source>
	<size>
		<width>500</width>
		<height>500</height>
		<depth>3</depth>
	</size>
	<segmented>0</segmented>
	<object>
		<name>emblem</name>
		<pose>Unspecified</pose>
		<truncated>0</truncated>
		<difficult>0</difficult>
		<bndbox>
			<xmin>225</xmin>
			<ymin>176</ymin>
			<xmax>283</xmax>
			<ymax>237</ymax>
		</bndbox>
	</object>
	<object>
		<name>emblem</name>
		<pose>Unspecified</pose>
		<truncated>0</truncated>
		<difficult>0</difficult>
		<bndbox>
			<xmin>234</xmin>
			<ymin>116</ymin>
			<xmax>286</xmax>
			<ymax>139</ymax>
		</bndbox>
	</object>
</annotation>
