<annotation>
	<folder>emblem</folder>
	<filename>5.jpg</filename>
	<path>E:\LOGO_\LOGO\raw\emblem\5.jpg</path>
	<source>
		<database>Unknown</database>
	</source>
	<size>
		<width>533</width>
		<height>300</height>
		<depth>3</depth>
	</size>
	<segmented>0</segmented>
	<object>
		<name>emblem</name>
		<pose>Unspecified</pose>
		<truncated>0</truncated>
		<difficult>0</difficult>
		<bndbox>
			<xmin>133</xmin>
			<ymin>33</ymin>
			<xmax>306</xmax>
			<ymax>195</ymax>
		</bndbox>
	</object>
</annotation>
