<annotation>
	<folder>emblem</folder>
	<filename>6.jpg</filename>
	<path>E:\LOGO_\LOGO\raw\emblem\6.jpg</path>
	<source>
		<database>Unknown</database>
	</source>
	<size>
		<width>500</width>
		<height>333</height>
		<depth>3</depth>
	</size>
	<segmented>0</segmented>
	<object>
		<name>emblem</name>
		<pose>Unspecified</pose>
		<truncated>0</truncated>
		<difficult>0</difficult>
		<bndbox>
			<xmin>188</xmin>
			<ymin>56</ymin>
			<xmax>245</xmax>
			<ymax>111</ymax>
		</bndbox>
	</object>
</annotation>
