<annotation>
	<folder>emblem</folder>
	<filename>7.jpg</filename>
	<path>E:\LOGO_\LOGO\raw\emblem\7.jpg</path>
	<source>
		<database>Unknown</database>
	</source>
	<size>
		<width>531</width>
		<height>300</height>
		<depth>3</depth>
	</size>
	<segmented>0</segmented>
	<object>
		<name>emblem</name>
		<pose>Unspecified</pose>
		<truncated>0</truncated>
		<difficult>0</difficult>
		<bndbox>
			<xmin>419</xmin>
			<ymin>116</ymin>
			<xmax>502</xmax>
			<ymax>206</ymax>
		</bndbox>
	</object>
</annotation>
