<annotation>
	<folder>emblem</folder>
	<filename>8.jpg</filename>
	<path>E:\LOGO_\LOGO\raw\emblem\8.jpg</path>
	<source>
		<database>Unknown</database>
	</source>
	<size>
		<width>379</width>
		<height>220</height>
		<depth>3</depth>
	</size>
	<segmented>0</segmented>
	<object>
		<name>emblem</name>
		<pose>Unspecified</pose>
		<truncated>0</truncated>
		<difficult>0</difficult>
		<bndbox>
			<xmin>154</xmin>
			<ymin>65</ymin>
			<xmax>221</xmax>
			<ymax>136</ymax>
		</bndbox>
	</object>
</annotation>
