<annotation>
	<folder>emblem</folder>
	<filename>9.jpg</filename>
	<path>E:\LOGO_\LOGO\raw\emblem\9.jpg</path>
	<source>
		<database>Unknown</database>
	</source>
	<size>
		<width>500</width>
		<height>375</height>
		<depth>3</depth>
	</size>
	<segmented>0</segmented>
	<object>
		<name>emblem</name>
		<pose>Unspecified</pose>
		<truncated>0</truncated>
		<difficult>0</difficult>
		<bndbox>
			<xmin>201</xmin>
			<ymin>30</ymin>
			<xmax>302</xmax>
			<ymax>136</ymax>
		</bndbox>
	</object>
</annotation>
