<annotation>
	<folder>cctv</folder>
	<filename>10.jpg</filename>
	<path>E:\LOGO_\LOGO\raw\cctv\10.jpg</path>
	<source>
		<database>Unknown</database>
	</source>
	<size>
		<width>627</width>
		<height>352</height>
		<depth>3</depth>
	</size>
	<segmented>0</segmented>
	<object>
		<name>cctv</name>
		<pose>Unspecified</pose>
		<truncated>0</truncated>
		<difficult>0</difficult>
		<bndbox>
			<xmin>92</xmin>
			<ymin>65</ymin>
			<xmax>163</xmax>
			<ymax>91</ymax>
		</bndbox>
	</object>
	<object>
		<name>cctv</name>
		<pose>Unspecified</pose>
		<truncated>0</truncated>
		<difficult>0</difficult>
		<bndbox>
			<xmin>508</xmin>
			<ymin>327</ymin>
			<xmax>575</xmax>
			<ymax>349</ymax>
		</bndbox>
	</object>
</annotation>
