<annotation>
	<folder>cctv</folder>
	<filename>11.jpg</filename>
	<path>E:\LOGO_\LOGO\raw\cctv\11.jpg</path>
	<source>
		<database>Unknown</database>
	</source>
	<size>
		<width>534</width>
		<height>354</height>
		<depth>3</depth>
	</size>
	<segmented>0</segmented>
	<object>
		<name>cctv</name>
		<pose>Unspecified</pose>
		<truncated>0</truncated>
		<difficult>0</difficult>
		<bndbox>
			<xmin>222</xmin>
			<ymin>178</ymin>
			<xmax>341</xmax>
			<ymax>211</ymax>
		</bndbox>
	</object>
	<object>
		<name>cctv</name>
		<pose>Unspecified</pose>
		<truncated>0</truncated>
		<difficult>0</difficult>
		<bndbox>
			<xmin>308</xmin>
			<ymin>242</ymin>
			<xmax>375</xmax>
			<ymax>263</ymax>
		</bndbox>
	</object>
	<object>
		<name>cctv</name>
		<pose>Unspecified</pose>
		<truncated>0</truncated>
		<difficult>0</difficult>
		<bndbox>
			<xmin>238</xmin>
			<ymin>33</ymin>
			<xmax>300</xmax>
			<ymax>55</ymax>
		</bndbox>
	</object>
	<object>
		<name>cctv</name>
		<pose>Unspecified</pose>
		<truncated>0</truncated>
		<difficult>0</difficult>
		<bndbox>
			<xmin>188</xmin>
			<ymin>67</ymin>
			<xmax>239</xmax>
			<ymax>83</ymax>
		</bndbox>
	</object>
	<object>
		<name>cctv</name>
		<pose>Unspecified</pose>
		<truncated>0</truncated>
		<difficult>0</difficult>
		<bndbox>
			<xmin>182</xmin>
			<ymin>106</ymin>
			<xmax>218</xmax>
			<ymax>118</ymax>
		</bndbox>
	</object>
</annotation>
