<annotation>
	<folder>cctv</folder>
	<filename>12.jpg</filename>
	<path>E:\LOGO_\LOGO\raw\cctv\12.jpg</path>
	<source>
		<database>Unknown</database>
	</source>
	<size>
		<width>310</width>
		<height>310</height>
		<depth>3</depth>
	</size>
	<segmented>0</segmented>
	<object>
		<name>cctv</name>
		<pose>Unspecified</pose>
		<truncated>0</truncated>
		<difficult>0</difficult>
		<bndbox>
			<xmin>165</xmin>
			<ymin>161</ymin>
			<xmax>234</xmax>
			<ymax>227</ymax>
		</bndbox>
	</object>
</annotation>
