<annotation>
	<folder>cctv</folder>
	<filename>13.jpg</filename>
	<path>E:\LOGO_\LOGO\raw\cctv\13.jpg</path>
	<source>
		<database>Unknown</database>
	</source>
	<size>
		<width>351</width>
		<height>352</height>
		<depth>3</depth>
	</size>
	<segmented>0</segmented>
	<object>
		<name>cctv</name>
		<pose>Unspecified</pose>
		<truncated>0</truncated>
		<difficult>0</difficult>
		<bndbox>
			<xmin>80</xmin>
			<ymin>39</ymin>
			<xmax>122</xmax>
			<ymax>55</ymax>
		</bndbox>
	</object>
</annotation>
