<annotation>
	<folder>cctv</folder>
	<filename>2.jpg</filename>
	<path>E:\LOGO_\LOGO\raw\cctv\2.jpg</path>
	<source>
		<database>Unknown</database>
	</source>
	<size>
		<width>520</width>
		<height>318</height>
		<depth>3</depth>
	</size>
	<segmented>0</segmented>
	<object>
		<name>cctv</name>
		<pose>Unspecified</pose>
		<truncated>0</truncated>
		<difficult>0</difficult>
		<bndbox>
			<xmin>259</xmin>
			<ymin>141</ymin>
			<xmax>369</xmax>
			<ymax>189</ymax>
		</bndbox>
	</object>
	<object>
		<name>cctv</name>
		<pose>Unspecified</pose>
		<truncated>0</truncated>
		<difficult>0</difficult>
		<bndbox>
			<xmin>373</xmin>
			<ymin>141</ymin>
			<xmax>488</xmax>
			<ymax>192</ymax>
		</bndbox>
	</object>
	<object>
		<name>cctv</name>
		<pose>Unspecified</pose>
		<truncated>0</truncated>
		<difficult>0</difficult>
		<bndbox>
			<xmin>259</xmin>
			<ymin>205</ymin>
			<xmax>365</xmax>
			<ymax>257</ymax>
		</bndbox>
	</object>
	<object>
		<name>cctv</name>
		<pose>Unspecified</pose>
		<truncated>0</truncated>
		<difficult>0</difficult>
		<bndbox>
			<xmin>373</xmin>
			<ymin>207</ymin>
			<xmax>490</xmax>
			<ymax>259</ymax>
		</bndbox>
	</object>
</annotation>
