<annotation>
	<folder>cctv</folder>
	<filename>3.jpg</filename>
	<path>E:\LOGO_\LOGO\raw\cctv\3.jpg</path>
	<source>
		<database>Unknown</database>
	</source>
	<size>
		<width>557</width>
		<height>132</height>
		<depth>3</depth>
	</size>
	<segmented>0</segmented>
	<object>
		<name>cctv</name>
		<pose>Unspecified</pose>
		<truncated>0</truncated>
		<difficult>0</difficult>
		<bndbox>
			<xmin>334</xmin>
			<ymin>41</ymin>
			<xmax>512</xmax>
			<ymax>95</ymax>
		</bndbox>
	</object>
</annotation>
