<annotation>
	<folder>cctv</folder>
	<filename>4.jpg</filename>
	<path>E:\LOGO_\LOGO\raw\cctv\4.jpg</path>
	<source>
		<database>Unknown</database>
	</source>
	<size>
		<width>805</width>
		<height>188</height>
		<depth>3</depth>
	</size>
	<segmented>0</segmented>
	<object>
		<name>cctv</name>
		<pose>Unspecified</pose>
		<truncated>0</truncated>
		<difficult>0</difficult>
		<bndbox>
			<xmin>274</xmin>
			<ymin>14</ymin>
			<xmax>516</xmax>
			<ymax>84</ymax>
		</bndbox>
	</object>
</annotation>
