<annotation>
	<folder>cctv</folder>
	<filename>5.jpg</filename>
	<path>E:\LOGO_\LOGO\raw\cctv\5.jpg</path>
	<source>
		<database>Unknown</database>
	</source>
	<size>
		<width>805</width>
		<height>178</height>
		<depth>3</depth>
	</size>
	<segmented>0</segmented>
	<object>
		<name>cctv</name>
		<pose>Unspecified</pose>
		<truncated>0</truncated>
		<difficult>0</difficult>
		<bndbox>
			<xmin>151</xmin>
			<ymin>116</ymin>
			<xmax>311</xmax>
			<ymax>161</ymax>
		</bndbox>
	</object>
	<object>
		<name>cctv</name>
		<pose>Unspecified</pose>
		<truncated>1</truncated>
		<difficult>0</difficult>
		<bndbox>
			<xmin>324</xmin>
			<ymin>1</ymin>
			<xmax>466</xmax>
			<ymax>38</ymax>
		</bndbox>
	</object>
</annotation>
