<annotation>
	<folder>cctv</folder>
	<filename>7.jpg</filename>
	<path>E:\LOGO_\LOGO\raw\cctv\7.jpg</path>
	<source>
		<database>Unknown</database>
	</source>
	<size>
		<width>635</width>
		<height>354</height>
		<depth>3</depth>
	</size>
	<segmented>0</segmented>
	<object>
		<name>cctv</name>
		<pose>Unspecified</pose>
		<truncated>0</truncated>
		<difficult>0</difficult>
		<bndbox>
			<xmin>108</xmin>
			<ymin>26</ymin>
			<xmax>198</xmax>
			<ymax>65</ymax>
		</bndbox>
	</object>
	<object>
		<name>cctv</name>
		<pose>Unspecified</pose>
		<truncated>0</truncated>
		<difficult>0</difficult>
		<bndbox>
			<xmin>189</xmin>
			<ymin>103</ymin>
			<xmax>432</xmax>
			<ymax>192</ymax>
		</bndbox>
	</object>
</annotation>
