<annotation>
	<folder>cctv</folder>
	<filename>8.jpg</filename>
	<path>E:\LOGO_\LOGO\raw\cctv\8.jpg</path>
	<source>
		<database>Unknown</database>
	</source>
	<size>
		<width>439</width>
		<height>355</height>
		<depth>3</depth>
	</size>
	<segmented>0</segmented>
	<object>
		<name>cctv</name>
		<pose>Unspecified</pose>
		<truncated>0</truncated>
		<difficult>0</difficult>
		<bndbox>
			<xmin>293</xmin>
			<ymin>321</ymin>
			<xmax>370</xmax>
			<ymax>348</ymax>
		</bndbox>
	</object>
</annotation>
