<annotation>
	<folder>cctv</folder>
	<filename>9.jpg</filename>
	<path>E:\LOGO_\LOGO\raw\cctv\9.jpg</path>
	<source>
		<database>Unknown</database>
	</source>
	<size>
		<width>513</width>
		<height>381</height>
		<depth>3</depth>
	</size>
	<segmented>0</segmented>
	<object>
		<name>cctv</name>
		<pose>Unspecified</pose>
		<truncated>0</truncated>
		<difficult>0</difficult>
		<bndbox>
			<xmin>3</xmin>
			<ymin>29</ymin>
			<xmax>121</xmax>
			<ymax>82</ymax>
		</bndbox>
	</object>
	<object>
		<name>cctv</name>
		<pose>Unspecified</pose>
		<truncated>0</truncated>
		<difficult>0</difficult>
		<bndbox>
			<xmin>126</xmin>
			<ymin>29</ymin>
			<xmax>244</xmax>
			<ymax>83</ymax>
		</bndbox>
	</object>
	<object>
		<name>cctv</name>
		<pose>Unspecified</pose>
		<truncated>0</truncated>
		<difficult>0</difficult>
		<bndbox>
			<xmin>248</xmin>
			<ymin>29</ymin>
			<xmax>365</xmax>
			<ymax>82</ymax>
		</bndbox>
	</object>
	<object>
		<name>cctv</name>
		<pose>Unspecified</pose>
		<truncated>0</truncated>
		<difficult>0</difficult>
		<bndbox>
			<xmin>371</xmin>
			<ymin>30</ymin>
			<xmax>504</xmax>
			<ymax>84</ymax>
		</bndbox>
	</object>
	<object>
		<name>cctv</name>
		<pose>Unspecified</pose>
		<truncated>0</truncated>
		<difficult>0</difficult>
		<bndbox>
			<xmin>4</xmin>
			<ymin>85</ymin>
			<xmax>120</xmax>
			<ymax>137</ymax>
		</bndbox>
	</object>
	<object>
		<name>cctv</name>
		<pose>Unspecified</pose>
		<truncated>0</truncated>
		<difficult>0</difficult>
		<bndbox>
			<xmin>126</xmin>
			<ymin>87</ymin>
			<xmax>241</xmax>
			<ymax>137</ymax>
		</bndbox>
	</object>
	<object>
		<name>cctv</name>
		<pose>Unspecified</pose>
		<truncated>0</truncated>
		<difficult>0</difficult>
		<bndbox>
			<xmin>248</xmin>
			<ymin>88</ymin>
			<xmax>362</xmax>
			<ymax>138</ymax>
		</bndbox>
	</object>
	<object>
		<name>cctv</name>
		<pose>Unspecified</pose>
		<truncated>0</truncated>
		<difficult>0</difficult>
		<bndbox>
			<xmin>369</xmin>
			<ymin>87</ymin>
			<xmax>503</xmax>
			<ymax>137</ymax>
		</bndbox>
	</object>
	<object>
		<name>cctv</name>
		<pose>Unspecified</pose>
		<truncated>0</truncated>
		<difficult>0</difficult>
		<bndbox>
			<xmin>4</xmin>
			<ymin>143</ymin>
			<xmax>119</xmax>
			<ymax>194</ymax>
		</bndbox>
	</object>
	<object>
		<name>cctv</name>
		<pose>Unspecified</pose>
		<truncated>0</truncated>
		<difficult>0</difficult>
		<bndbox>
			<xmin>125</xmin>
			<ymin>142</ymin>
			<xmax>239</xmax>
			<ymax>194</ymax>
		</bndbox>
	</object>
	<object>
		<name>cctv</name>
		<pose>Unspecified</pose>
		<truncated>0</truncated>
		<difficult>0</difficult>
		<bndbox>
			<xmin>246</xmin>
			<ymin>143</ymin>
			<xmax>362</xmax>
			<ymax>194</ymax>
		</bndbox>
	</object>
	<object>
		<name>cctv</name>
		<pose>Unspecified</pose>
		<truncated>0</truncated>
		<difficult>0</difficult>
		<bndbox>
			<xmin>372</xmin>
			<ymin>141</ymin>
			<xmax>504</xmax>
			<ymax>191</ymax>
		</bndbox>
	</object>
	<object>
		<name>cctv</name>
		<pose>Unspecified</pose>
		<truncated>0</truncated>
		<difficult>0</difficult>
		<bndbox>
			<xmin>4</xmin>
			<ymin>197</ymin>
			<xmax>119</xmax>
			<ymax>245</ymax>
		</bndbox>
	</object>
	<object>
		<name>cctv</name>
		<pose>Unspecified</pose>
		<truncated>0</truncated>
		<difficult>0</difficult>
		<bndbox>
			<xmin>125</xmin>
			<ymin>198</ymin>
			<xmax>243</xmax>
			<ymax>249</ymax>
		</bndbox>
	</object>
	<object>
		<name>cctv</name>
		<pose>Unspecified</pose>
		<truncated>0</truncated>
		<difficult>0</difficult>
		<bndbox>
			<xmin>248</xmin>
			<ymin>198</ymin>
			<xmax>364</xmax>
			<ymax>247</ymax>
		</bndbox>
	</object>
	<object>
		<name>cctv</name>
		<pose>Unspecified</pose>
		<truncated>0</truncated>
		<difficult>0</difficult>
		<bndbox>
			<xmin>372</xmin>
			<ymin>197</ymin>
			<xmax>500</xmax>
			<ymax>247</ymax>
		</bndbox>
	</object>
	<object>
		<name>cctv</name>
		<pose>Unspecified</pose>
		<truncated>0</truncated>
		<difficult>0</difficult>
		<bndbox>
			<xmin>4</xmin>
			<ymin>252</ymin>
			<xmax>119</xmax>
			<ymax>301</ymax>
		</bndbox>
	</object>
	<object>
		<name>cctv</name>
		<pose>Unspecified</pose>
		<truncated>0</truncated>
		<difficult>0</difficult>
		<bndbox>
			<xmin>125</xmin>
			<ymin>254</ymin>
			<xmax>243</xmax>
			<ymax>303</ymax>
		</bndbox>
	</object>
	<object>
		<name>cctv</name>
		<pose>Unspecified</pose>
		<truncated>0</truncated>
		<difficult>0</difficult>
		<bndbox>
			<xmin>250</xmin>
			<ymin>253</ymin>
			<xmax>364</xmax>
			<ymax>302</ymax>
		</bndbox>
	</object>
	<object>
		<name>cctv</name>
		<pose>Unspecified</pose>
		<truncated>0</truncated>
		<difficult>0</difficult>
		<bndbox>
			<xmin>371</xmin>
			<ymin>251</ymin>
			<xmax>503</xmax>
			<ymax>302</ymax>
		</bndbox>
	</object>
	<object>
		<name>cctv</name>
		<pose>Unspecified</pose>
		<truncated>0</truncated>
		<difficult>0</difficult>
		<bndbox>
			<xmin>183</xmin>
			<ymin>309</ymin>
			<xmax>307</xmax>
			<ymax>361</ymax>
		</bndbox>
	</object>
</annotation>
