<annotation>
	<folder>tencent</folder>
	<filename>1.jpg</filename>
	<path>E:\LOGO_\LOGO\raw\tencent\1.jpg</path>
	<source>
		<database>Unknown</database>
	</source>
	<size>
		<width>577</width>
		<height>314</height>
		<depth>3</depth>
	</size>
	<segmented>0</segmented>
	<object>
		<name>tencent</name>
		<pose>Unspecified</pose>
		<truncated>0</truncated>
		<difficult>0</difficult>
		<bndbox>
			<xmin>40</xmin>
			<ymin>110</ymin>
			<xmax>532</xmax>
			<ymax>186</ymax>
		</bndbox>
	</object>
</annotation>
