<annotation>
	<folder>tencent</folder>
	<filename>10.jpg</filename>
	<path>E:\LOGO_\LOGO\raw\tencent\10.jpg</path>
	<source>
		<database>Unknown</database>
	</source>
	<size>
		<width>800</width>
		<height>533</height>
		<depth>3</depth>
	</size>
	<segmented>0</segmented>
	<object>
		<name>tencent</name>
		<pose>Unspecified</pose>
		<truncated>0</truncated>
		<difficult>0</difficult>
		<bndbox>
			<xmin>244</xmin>
			<ymin>203</ymin>
			<xmax>556</xmax>
			<ymax>348</ymax>
		</bndbox>
	</object>
</annotation>
