<annotation>
	<folder>tencent</folder>
	<filename>11.png</filename>
	<path>E:\LOGO_\LOGO\raw\tencent\11.png</path>
	<source>
		<database>Unknown</database>
	</source>
	<size>
		<width>1200</width>
		<height>629</height>
		<depth>3</depth>
	</size>
	<segmented>0</segmented>
	<object>
		<name>tencent</name>
		<pose>Unspecified</pose>
		<truncated>0</truncated>
		<difficult>0</difficult>
		<bndbox>
			<xmin>30</xmin>
			<ymin>114</ymin>
			<xmax>443</xmax>
			<ymax>613</ymax>
		</bndbox>
	</object>
</annotation>
