<annotation>
	<folder>tencent</folder>
	<filename>2.jpg</filename>
	<path>E:\LOGO_\LOGO\raw\tencent\2.jpg</path>
	<source>
		<database>Unknown</database>
	</source>
	<size>
		<width>640</width>
		<height>366</height>
		<depth>3</depth>
	</size>
	<segmented>0</segmented>
	<object>
		<name>tencent</name>
		<pose>Unspecified</pose>
		<truncated>0</truncated>
		<difficult>0</difficult>
		<bndbox>
			<xmin>72</xmin>
			<ymin>43</ymin>
			<xmax>625</xmax>
			<ymax>288</ymax>
		</bndbox>
	</object>
</annotation>
