<annotation>
	<folder>tencent</folder>
	<filename>3.png</filename>
	<path>E:\LOGO_\LOGO\raw\tencent\3.png</path>
	<source>
		<database>Unknown</database>
	</source>
	<size>
		<width>602</width>
		<height>403</height>
		<depth>3</depth>
	</size>
	<segmented>0</segmented>
	<object>
		<name>tencent</name>
		<pose>Unspecified</pose>
		<truncated>0</truncated>
		<difficult>0</difficult>
		<bndbox>
			<xmin>183</xmin>
			<ymin>136</ymin>
			<xmax>266</xmax>
			<ymax>215</ymax>
		</bndbox>
	</object>
</annotation>
