<annotation>
	<folder>tencent</folder>
	<filename>4.jpg</filename>
	<path>E:\LOGO_\LOGO\raw\tencent\4.jpg</path>
	<source>
		<database>Unknown</database>
	</source>
	<size>
		<width>1280</width>
		<height>960</height>
		<depth>3</depth>
	</size>
	<segmented>0</segmented>
	<object>
		<name>tencent</name>
		<pose>Unspecified</pose>
		<truncated>0</truncated>
		<difficult>0</difficult>
		<bndbox>
			<xmin>91</xmin>
			<ymin>530</ymin>
			<xmax>1185</xmax>
			<ymax>827</ymax>
		</bndbox>
	</object>
</annotation>
