<annotation>
	<folder>tencent</folder>
	<filename>5.png</filename>
	<path>E:\LOGO_\LOGO\raw\tencent\5.png</path>
	<source>
		<database>Unknown</database>
	</source>
	<size>
		<width>770</width>
		<height>439</height>
		<depth>3</depth>
	</size>
	<segmented>0</segmented>
	<object>
		<name>tencent</name>
		<pose>Unspecified</pose>
		<truncated>0</truncated>
		<difficult>0</difficult>
		<bndbox>
			<xmin>181</xmin>
			<ymin>34</ymin>
			<xmax>352</xmax>
			<ymax>169</ymax>
		</bndbox>
	</object>
</annotation>
