<annotation>
	<folder>tencent</folder>
	<filename>6.png</filename>
	<path>E:\LOGO_\LOGO\raw\tencent\6.png</path>
	<source>
		<database>Unknown</database>
	</source>
	<size>
		<width>400</width>
		<height>400</height>
		<depth>3</depth>
	</size>
	<segmented>0</segmented>
	<object>
		<name>tencent</name>
		<pose>Unspecified</pose>
		<truncated>0</truncated>
		<difficult>0</difficult>
		<bndbox>
			<xmin>58</xmin>
			<ymin>23</ymin>
			<xmax>340</xmax>
			<ymax>341</ymax>
		</bndbox>
	</object>
</annotation>
