<annotation>
	<folder>tencent</folder>
	<filename>7.jpg</filename>
	<path>E:\LOGO_\LOGO\raw\tencent\7.jpg</path>
	<source>
		<database>Unknown</database>
	</source>
	<size>
		<width>643</width>
		<height>210</height>
		<depth>3</depth>
	</size>
	<segmented>0</segmented>
	<object>
		<name>tencent</name>
		<pose>Unspecified</pose>
		<truncated>0</truncated>
		<difficult>0</difficult>
		<bndbox>
			<xmin>61</xmin>
			<ymin>53</ymin>
			<xmax>154</xmax>
			<ymax>148</ymax>
		</bndbox>
	</object>
	<object>
		<name>tencent</name>
		<pose>Unspecified</pose>
		<truncated>0</truncated>
		<difficult>0</difficult>
		<bndbox>
			<xmin>240</xmin>
			<ymin>10</ymin>
			<xmax>511</xmax>
			<ymax>137</ymax>
		</bndbox>
	</object>
	<object>
		<name>tencent</name>
		<pose>Unspecified</pose>
		<truncated>0</truncated>
		<difficult>0</difficult>
		<bndbox>
			<xmin>229</xmin>
			<ymin>135</ymin>
			<xmax>374</xmax>
			<ymax>202</ymax>
		</bndbox>
	</object>
</annotation>
