<annotation>
	<folder>tencent</folder>
	<filename>8.JPG</filename>
	<path>E:\LOGO_\LOGO\raw\tencent\8.JPG</path>
	<source>
		<database>Unknown</database>
	</source>
	<size>
		<width>4032</width>
		<height>3024</height>
		<depth>3</depth>
	</size>
	<segmented>0</segmented>
	<object>
		<name>tencent</name>
		<pose>Unspecified</pose>
		<truncated>0</truncated>
		<difficult>0</difficult>
		<bndbox>
			<xmin>908</xmin>
			<ymin>535</ymin>
			<xmax>1055</xmax>
			<ymax>683</ymax>
		</bndbox>
	</object>
</annotation>
