<annotation>
	<folder>tencent</folder>
	<filename>9.jpeg</filename>
	<path>E:\LOGO_\LOGO\raw\tencent\9.jpeg</path>
	<source>
		<database>Unknown</database>
	</source>
	<size>
		<width>1280</width>
		<height>853</height>
		<depth>3</depth>
	</size>
	<segmented>0</segmented>
	<object>
		<name>tencent</name>
		<pose>Unspecified</pose>
		<truncated>0</truncated>
		<difficult>0</difficult>
		<bndbox>
			<xmin>241</xmin>
			<ymin>267</ymin>
			<xmax>676</xmax>
			<ymax>433</ymax>
		</bndbox>
	</object>
</annotation>
