<annotation>
	<folder>zjtv</folder>
	<filename>1.jpg</filename>
	<path>E:\LOGO_\LOGO\raw\zjtv\1.jpg</path>
	<source>
		<database>Unknown</database>
	</source>
	<size>
		<width>394</width>
		<height>300</height>
		<depth>3</depth>
	</size>
	<segmented>0</segmented>
	<object>
		<name>zjtv</name>
		<pose>Unspecified</pose>
		<truncated>0</truncated>
		<difficult>0</difficult>
		<bndbox>
			<xmin>37</xmin>
			<ymin>98</ymin>
			<xmax>357</xmax>
			<ymax>200</ymax>
		</bndbox>
	</object>
</annotation>
