<annotation>
	<folder>zjtv</folder>
	<filename>10.jpg</filename>
	<path>E:\LOGO_\LOGO\raw\zjtv\10.jpg</path>
	<source>
		<database>Unknown</database>
	</source>
	<size>
		<width>256</width>
		<height>256</height>
		<depth>3</depth>
	</size>
	<segmented>0</segmented>
	<object>
		<name>zjtv</name>
		<pose>Unspecified</pose>
		<truncated>1</truncated>
		<difficult>0</difficult>
		<bndbox>
			<xmin>13</xmin>
			<ymin>42</ymin>
			<xmax>256</xmax>
			<ymax>194</ymax>
		</bndbox>
	</object>
</annotation>
