<annotation>
	<folder>zjtv</folder>
	<filename>2.jpg</filename>
	<path>E:\LOGO_\LOGO\raw\zjtv\2.jpg</path>
	<source>
		<database>Unknown</database>
	</source>
	<size>
		<width>440</width>
		<height>353</height>
		<depth>3</depth>
	</size>
	<segmented>0</segmented>
	<object>
		<name>zjtv</name>
		<pose>Unspecified</pose>
		<truncated>0</truncated>
		<difficult>0</difficult>
		<bndbox>
			<xmin>86</xmin>
			<ymin>30</ymin>
			<xmax>381</xmax>
			<ymax>332</ymax>
		</bndbox>
	</object>
</annotation>
