<annotation>
	<folder>zjtv</folder>
	<filename>3.jpg</filename>
	<path>E:\LOGO_\LOGO\raw\zjtv\3.jpg</path>
	<source>
		<database>Unknown</database>
	</source>
	<size>
		<width>500</width>
		<height>332</height>
		<depth>3</depth>
	</size>
	<segmented>0</segmented>
	<object>
		<name>zjtv</name>
		<pose>Unspecified</pose>
		<truncated>0</truncated>
		<difficult>0</difficult>
		<bndbox>
			<xmin>146</xmin>
			<ymin>81</ymin>
			<xmax>366</xmax>
			<ymax>247</ymax>
		</bndbox>
	</object>
</annotation>
