<annotation>
	<folder>zjtv</folder>
	<filename>4.jpg</filename>
	<path>E:\LOGO_\LOGO\raw\zjtv\4.jpg</path>
	<source>
		<database>Unknown</database>
	</source>
	<size>
		<width>533</width>
		<height>300</height>
		<depth>3</depth>
	</size>
	<segmented>0</segmented>
	<object>
		<name>zjtv</name>
		<pose>Unspecified</pose>
		<truncated>0</truncated>
		<difficult>0</difficult>
		<bndbox>
			<xmin>24</xmin>
			<ymin>18</ymin>
			<xmax>105</xmax>
			<ymax>48</ymax>
		</bndbox>
	</object>
	<object>
		<name>zjtv</name>
		<pose>Unspecified</pose>
		<truncated>0</truncated>
		<difficult>0</difficult>
		<bndbox>
			<xmin>410</xmin>
			<ymin>15</ymin>
			<xmax>441</xmax>
			<ymax>45</ymax>
		</bndbox>
	</object>
</annotation>
