<annotation>
	<folder>zjtv</folder>
	<filename>7.jpg</filename>
	<path>E:\LOGO_\LOGO\raw\zjtv\7.jpg</path>
	<source>
		<database>Unknown</database>
	</source>
	<size>
		<width>500</width>
		<height>334</height>
		<depth>3</depth>
	</size>
	<segmented>0</segmented>
	<object>
		<name>zjtv</name>
		<pose>Unspecified</pose>
		<truncated>0</truncated>
		<difficult>0</difficult>
		<bndbox>
			<xmin>10</xmin>
			<ymin>290</ymin>
			<xmax>123</xmax>
			<ymax>317</ymax>
		</bndbox>
	</object>
</annotation>
