<annotation>
	<folder>zjtv</folder>
	<filename>8.jpg</filename>
	<path>E:\LOGO_\LOGO\raw\zjtv\8.jpg</path>
	<source>
		<database>Unknown</database>
	</source>
	<size>
		<width>560</width>
		<height>260</height>
		<depth>3</depth>
	</size>
	<segmented>0</segmented>
	<object>
		<name>zjtv</name>
		<pose>Unspecified</pose>
		<truncated>0</truncated>
		<difficult>0</difficult>
		<bndbox>
			<xmin>14</xmin>
			<ymin>16</ymin>
			<xmax>70</xmax>
			<ymax>28</ymax>
		</bndbox>
	</object>
	<object>
		<name>zjtv</name>
		<pose>Unspecified</pose>
		<truncated>0</truncated>
		<difficult>0</difficult>
		<bndbox>
			<xmin>443</xmin>
			<ymin>202</ymin>
			<xmax>476</xmax>
			<ymax>230</ymax>
		</bndbox>
	</object>
</annotation>
